data_i;cod_staz;cod_aggr;prec24;cl_prec24;prec01;prec06;cl_prec06;prec12;cl_prec12;ggneve;storm;ggstorm
2021-01-01 00:00:00;6660;4;((24, 1), 0.0, None, None);(24, 0, 0, 0, 0, 0);((24, 1), 0.0, '2021-01-01T00:00:00');((24, 1), 0.0, '2021-01-01T00:00:00');(4, 0, 0, 0, 0, 0);((24, 1), 0.0, '2021-01-01T00:00:00');(2, 0, 0, 0, 0, 0);;;
2021-01-02 00:00:00;6660;4;((24, 1), 0.8, None, None);(24, 0, 0, 0, 0, 0);((24, 1), 0.8, '2021-01-02T12:00:00');((24, 1), 0.8, '2021-01-02T12:00:00');(4, 0, 0, 0, 0, 0);((24, 1), 0.8, '2021-01-02T12:00:00');(2, 0, 0, 0, 0, 0);;;
2021-01-03 00:00:00;6660;4;((24, 1), 0.0, None, None);(24, 0, 0, 0, 0, 0);((24, 1), 0.0, '2021-01-03T00:00:00');((24, 1), 0.0, '2021-01-03T00:00:00');(4, 0, 0, 0, 0, 0);((24, 1), 0.0, '2021-01-03T00:00:00');(2, 0, 0, 0, 0, 0);;;
2021-01-04 00:00:00;6660;4;((24, 1), 0.0, None, None);(24, 0, 0, 0, 0, 0);((24, 1), 0.0, '2021-01-04T00:00:00');((24, 1), 0.0, '2021-01-04T00:00:00');(4, 0, 0, 0, 0, 0);((24, 1), 0.0, '2021-01-04T00:00:00');(2, 0, 0, 0, 0, 0);;;
2021-01-05 00:00:00;6660;4;((24, 1), 1.0, None, None);(24, 0, 0, 0, 0, 0);((24, 1), 0.6, '2021-01-05T11:00:00');((24, 1), 0.6, '2021-01-05T06:00:00');(4, 0, 0, 0, 0, 0);((24, 1), 0.6, '2021-01-05T00:00:00');(2, 0, 0, 0, 0, 0);;;
2021-01-06 00:00:00;6660;4;((24, 1), 0.0, None, None);(24, 0, 0, 0, 0, 0);((24, 1), 0.0, '2021-01-06T00:00:00');((24, 1), 0.0, '2021-01-06T00:00:00');(4, 0, 0, 0, 0, 0);((24, 1), 0.0, '2021-01-06T00:00:00');(2, 0, 0, 0, 0, 0);;;
2021-01-07 00:00:00;6660;4;((24, 1), 0.0, None, None);(24, 0, 0, 0, 0, 0);((24, 1), 0.0, '2021-01-07T00:00:00');((24, 1), 0.0, '2021-01-07T00:00:00');(4, 0, 0, 0, 0, 0);((24, 1), 0.0, '2021-01-07T00:00:00');(2, 0, 0, 0, 0, 0);;;
2021-01-08 00:00:00;6660;4;((24, 1), 1.4, None, None);(24, 0, 0, 0, 0, 0);((24, 1), 0.4, '2021-01-08T10:00:00');((24, 1), 0.6, '2021-01-08T06:00:00');(4, 0, 0, 0, 0, 0);((24, 1), 1.0, '2021-01-08T00:00:00');(2, 0, 0, 0, 0, 0);;;
2021-01-09 00:00:00;6660;4;((24, 1), 5.8, None, None);(23, 1, 0, 0, 0, 0);((24, 1), 1.2, '2021-01-09T13:00:00');((24, 1), 5.2, '2021-01-09T12:00:00');(3, 0, 1, 0, 0, 0);((24, 1), 5.6, '2021-01-09T12:00:00');(1, 0, 1, 0, 0, 0);;;
2021-01-10 00:00:00;6660;4;((24, 1), 8.4, None, None);(22, 2, 0, 0, 0, 0);((24, 1), 1.6, '2021-01-10T18:00:00');((24, 1), 3.4, '2021-01-10T12:00:00');(1, 3, 0, 0, 0, 0);((24, 1), 5.4, '2021-01-10T12:00:00');(0, 1, 1, 0, 0, 0);;;
2021-01-11 00:00:00;6660;4;((24, 1), 0.0, None, None);(24, 0, 0, 0, 0, 0);((24, 1), 0.0, '2021-01-11T00:00:00');((24, 1), 0.0, '2021-01-11T00:00:00');(4, 0, 0, 0, 0, 0);((24, 1), 0.0, '2021-01-11T00:00:00');(2, 0, 0, 0, 0, 0);;;
2021-01-12 00:00:00;6660;4;((24, 1), 0.4, None, None);(24, 0, 0, 0, 0, 0);((24, 1), 0.2, '2021-01-12T00:00:00');((24, 1), 0.4, '2021-01-12T00:00:00');(4, 0, 0, 0, 0, 0);((24, 1), 0.4, '2021-01-12T00:00:00');(2, 0, 0, 0, 0, 0);;;
2021-01-13 00:00:00;6660;4;((24, 1), 0.0, None, None);(24, 0, 0, 0, 0, 0);((24, 1), 0.0, '2021-01-13T00:00:00');((24, 1), 0.0, '2021-01-13T00:00:00');(4, 0, 0, 0, 0, 0);((24, 1), 0.0, '2021-01-13T00:00:00');(2, 0, 0, 0, 0, 0);;;
2021-01-14 00:00:00;6660;4;((24, 1), 3.0, None, None);(23, 1, 0, 0, 0, 0);((24, 1), 1.6, '2021-01-14T20:00:00');((24, 1), 3.0, '2021-01-14T18:00:00');(3, 1, 0, 0, 0, 0);((24, 1), 3.0, '2021-01-14T12:00:00');(1, 1, 0, 0, 0, 0);;;
2021-01-15 00:00:00;6660;4;((24, 1), 0.0, None, None);(24, 0, 0, 0, 0, 0);((24, 1), 0.0, '2021-01-15T00:00:00');((24, 1), 0.0, '2021-01-15T00:00:00');(4, 0, 0, 0, 0, 0);((24, 1), 0.0, '2021-01-15T00:00:00');(2, 0, 0, 0, 0, 0);;;
2021-01-16 00:00:00;6660;4;((24, 1), 0.0, None, None);(24, 0, 0, 0, 0, 0);((24, 1), 0.0, '2021-01-16T00:00:00');((24, 1), 0.0, '2021-01-16T00:00:00');(4, 0, 0, 0, 0, 0);((24, 1), 0.0, '2021-01-16T00:00:00');(2, 0, 0, 0, 0, 0);;;
2021-01-17 00:00:00;6660;4;((24, 1), 0.2, None, None);(24, 0, 0, 0, 0, 0);((24, 1), 0.2, '2021-01-17T23:00:00');((24, 1), 0.2, '2021-01-17T18:00:00');(4, 0, 0, 0, 0, 0);((24, 1), 0.2, '2021-01-17T12:00:00');(2, 0, 0, 0, 0, 0);;;
2021-01-18 00:00:00;6660;4;((24, 1), 1.0, None, None);(24, 0, 0, 0, 0, 0);((24, 1), 0.6, '2021-01-18T00:00:00');((24, 1), 1.0, '2021-01-18T00:00:00');(4, 0, 0, 0, 0, 0);((24, 1), 1.0, '2021-01-18T00:00:00');(2, 0, 0, 0, 0, 0);;;
2021-01-19 00:00:00;6660;4;((24, 1), 0.0, None, None);(24, 0, 0, 0, 0, 0);((24, 1), 0.0, '2021-01-19T00:00:00');((24, 1), 0.0, '2021-01-19T00:00:00');(4, 0, 0, 0, 0, 0);((24, 1), 0.0, '2021-01-19T00:00:00');(2, 0, 0, 0, 0, 0);;;
2021-01-20 00:00:00;6660;4;((24, 1), 0.0, None, None);(24, 0, 0, 0, 0, 0);((24, 1), 0.0, '2021-01-20T00:00:00');((24, 1), 0.0, '2021-01-20T00:00:00');(4, 0, 0, 0, 0, 0);((24, 1), 0.0, '2021-01-20T00:00:00');(2, 0, 0, 0, 0, 0);;;
2021-01-21 00:00:00;6660;4;((24, 1), 0.0, None, None);(24, 0, 0, 0, 0, 0);((24, 1), 0.0, '2021-01-21T00:00:00');((24, 1), 0.0, '2021-01-21T00:00:00');(4, 0, 0, 0, 0, 0);((24, 1), 0.0, '2021-01-21T00:00:00');(2, 0, 0, 0, 0, 0);;;
2021-01-22 00:00:00;6660;4;((24, 1), 2.0, None, None);(23, 1, 0, 0, 0, 0);((24, 1), 1.2, '2021-01-22T23:00:00');((24, 1), 2.0, '2021-01-22T18:00:00');(3, 1, 0, 0, 0, 0);((24, 1), 2.0, '2021-01-22T12:00:00');(1, 1, 0, 0, 0, 0);;;
2021-01-23 00:00:00;6660;4;((24, 1), 3.4, None, None);(22, 2, 0, 0, 0, 0);((24, 1), 1.8, '2021-01-23T00:00:00');((24, 1), 3.4, '2021-01-23T00:00:00');(3, 1, 0, 0, 0, 0);((24, 1), 3.4, '2021-01-23T00:00:00');(1, 1, 0, 0, 0, 0);;;
2021-01-24 00:00:00;6660;4;((24, 1), 4.4, None, None);(22, 2, 0, 0, 0, 0);((24, 1), 2.4, '2021-01-24T15:00:00');((24, 1), 4.4, '2021-01-24T12:00:00');(3, 1, 0, 0, 0, 0);((24, 1), 4.4, '2021-01-24T12:00:00');(1, 1, 0, 0, 0, 0);;;
2021-01-25 00:00:00;6660;4;((24, 1), 8.4, None, None);(21, 3, 0, 0, 0, 0);((24, 1), 4.6, '2021-01-25T13:00:00');((24, 1), 8.0, '2021-01-25T12:00:00');(3, 0, 1, 0, 0, 0);((24, 1), 8.0, '2021-01-25T12:00:00');(1, 0, 1, 0, 0, 0);;;
2021-01-26 00:00:00;6660;4;((24, 1), 0.0, None, None);(24, 0, 0, 0, 0, 0);((24, 1), 0.0, '2021-01-26T00:00:00');((24, 1), 0.0, '2021-01-26T00:00:00');(4, 0, 0, 0, 0, 0);((24, 1), 0.0, '2021-01-26T00:00:00');(2, 0, 0, 0, 0, 0);;;
2021-01-27 00:00:00;6660;4;((24, 1), 0.0, None, None);(24, 0, 0, 0, 0, 0);((24, 1), 0.0, '2021-01-27T00:00:00');((24, 1), 0.0, '2021-01-27T00:00:00');(4, 0, 0, 0, 0, 0);((24, 1), 0.0, '2021-01-27T00:00:00');(2, 0, 0, 0, 0, 0);;;
2021-01-28 00:00:00;6660;4;((24, 1), 0.0, None, None);(24, 0, 0, 0, 0, 0);((24, 1), 0.0, '2021-01-28T00:00:00');((24, 1), 0.0, '2021-01-28T00:00:00');(4, 0, 0, 0, 0, 0);((24, 1), 0.0, '2021-01-28T00:00:00');(2, 0, 0, 0, 0, 0);;;
2021-01-29 00:00:00;6660;4;((24, 1), 0.0, None, None);(24, 0, 0, 0, 0, 0);((24, 1), 0.0, '2021-01-29T00:00:00');((24, 1), 0.0, '2021-01-29T00:00:00');(4, 0, 0, 0, 0, 0);((24, 1), 0.0, '2021-01-29T00:00:00');(2, 0, 0, 0, 0, 0);;;
2021-01-30 00:00:00;6660;4;((24, 1), 0.0, None, None);(24, 0, 0, 0, 0, 0);((24, 1), 0.0, '2021-01-30T00:00:00');((24, 1), 0.0, '2021-01-30T00:00:00');(4, 0, 0, 0, 0, 0);((24, 1), 0.0, '2021-01-30T00:00:00');(2, 0, 0, 0, 0, 0);;;
2021-01-31 00:00:00;6660;4;((24, 1), 5.8, None, None);(22, 2, 0, 0, 0, 0);((24, 1), 2.2, '2021-01-31T04:00:00');((24, 1), 3.6, '2021-01-31T12:00:00');(2, 2, 0, 0, 0, 0);((24, 1), 3.6, '2021-01-31T12:00:00');(0, 2, 0, 0, 0, 0);;;
2021-02-01 00:00:00;6660;4;((24, 1), 0.0, None, None);(24, 0, 0, 0, 0, 0);((24, 1), 0.0, '2021-02-01T00:00:00');((24, 1), 0.0, '2021-02-01T00:00:00');(4, 0, 0, 0, 0, 0);((24, 1), 0.0, '2021-02-01T00:00:00');(2, 0, 0, 0, 0, 0);;;
2021-02-02 00:00:00;6660;4;((24, 1), 0.4, None, None);(24, 0, 0, 0, 0, 0);((24, 1), 0.4, '2021-02-02T03:00:00');((24, 1), 0.4, '2021-02-02T00:00:00');(4, 0, 0, 0, 0, 0);((24, 1), 0.4, '2021-02-02T00:00:00');(2, 0, 0, 0, 0, 0);;;
2021-02-03 00:00:00;6660;4;((24, 1), 0.0, None, None);(24, 0, 0, 0, 0, 0);((24, 1), 0.0, '2021-02-03T00:00:00');((24, 1), 0.0, '2021-02-03T00:00:00');(4, 0, 0, 0, 0, 0);((24, 1), 0.0, '2021-02-03T00:00:00');(2, 0, 0, 0, 0, 0);;;
2021-02-04 00:00:00;6660;4;((24, 1), 0.0, None, None);(24, 0, 0, 0, 0, 0);((24, 1), 0.0, '2021-02-04T00:00:00');((24, 1), 0.0, '2021-02-04T00:00:00');(4, 0, 0, 0, 0, 0);((24, 1), 0.0, '2021-02-04T00:00:00');(2, 0, 0, 0, 0, 0);;;
2021-02-05 00:00:00;6660;4;((24, 1), 0.0, None, None);(24, 0, 0, 0, 0, 0);((24, 1), 0.0, '2021-02-05T00:00:00');((24, 1), 0.0, '2021-02-05T00:00:00');(4, 0, 0, 0, 0, 0);((24, 1), 0.0, '2021-02-05T00:00:00');(2, 0, 0, 0, 0, 0);;;
2021-02-06 00:00:00;6660;4;((24, 1), 0.0, None, None);(24, 0, 0, 0, 0, 0);((24, 1), 0.0, '2021-02-06T00:00:00');((24, 1), 0.0, '2021-02-06T00:00:00');(4, 0, 0, 0, 0, 0);((24, 1), 0.0, '2021-02-06T00:00:00');(2, 0, 0, 0, 0, 0);;;
2021-02-07 00:00:00;6660;4;((24, 1), 0.2, None, None);(24, 0, 0, 0, 0, 0);((24, 1), 0.2, '2021-02-07T17:00:00');((24, 1), 0.2, '2021-02-07T12:00:00');(4, 0, 0, 0, 0, 0);((24, 1), 0.2, '2021-02-07T12:00:00');(2, 0, 0, 0, 0, 0);;;
2021-02-08 00:00:00;6660;4;((24, 1), 0.0, None, None);(24, 0, 0, 0, 0, 0);((24, 1), 0.0, '2021-02-08T00:00:00');((24, 1), 0.0, '2021-02-08T00:00:00');(4, 0, 0, 0, 0, 0);((24, 1), 0.0, '2021-02-08T00:00:00');(2, 0, 0, 0, 0, 0);;;
2021-02-09 00:00:00;6660;4;((24, 1), 0.2, None, None);(24, 0, 0, 0, 0, 0);((24, 1), 0.2, '2021-02-09T05:00:00');((24, 1), 0.2, '2021-02-09T00:00:00');(4, 0, 0, 0, 0, 0);((24, 1), 0.2, '2021-02-09T00:00:00');(2, 0, 0, 0, 0, 0);;;
2021-02-10 00:00:00;6660;4;((24, 1), 0.4, None, None);(24, 0, 0, 0, 0, 0);((24, 1), 0.4, '2021-02-10T14:00:00');((24, 1), 0.4, '2021-02-10T12:00:00');(4, 0, 0, 0, 0, 0);((24, 1), 0.4, '2021-02-10T12:00:00');(2, 0, 0, 0, 0, 0);;;
2021-02-11 00:00:00;6660;4;((24, 1), 5.0, None, None);(23, 1, 0, 0, 0, 0);((24, 1), 2.4, '2021-02-11T19:00:00');((24, 1), 5.0, '2021-02-11T18:00:00');(3, 1, 0, 0, 0, 0);((24, 1), 5.0, '2021-02-11T12:00:00');(1, 1, 0, 0, 0, 0);;;
2021-02-12 00:00:00;6660;4;((24, 1), 5.6, None, None);(21, 3, 0, 0, 0, 0);((24, 1), 1.4, '2021-02-12T23:00:00');((24, 1), 5.4, '2021-02-12T18:00:00');(3, 0, 1, 0, 0, 0);((24, 1), 5.4, '2021-02-12T12:00:00');(1, 0, 1, 0, 0, 0);;;
2021-02-13 00:00:00;6660;4;((24, 1), 19.2, None, None);(14, 10, 0, 0, 0, 0);((24, 1), 2.0, '2021-02-13T03:00:00');((24, 1), 10.0, '2021-02-13T00:00:00');(2, 0, 1, 1, 0, 0);((24, 1), 18.8, '2021-02-13T00:00:00');(1, 0, 0, 1, 0, 0);;;
2021-02-14 00:00:00;6660;4;((24, 1), 0.0, None, None);(24, 0, 0, 0, 0, 0);((24, 1), 0.0, '2021-02-14T00:00:00');((24, 1), 0.0, '2021-02-14T00:00:00');(4, 0, 0, 0, 0, 0);((24, 1), 0.0, '2021-02-14T00:00:00');(2, 0, 0, 0, 0, 0);;;
2021-02-15 00:00:00;6660;4;((24, 1), 0.0, None, None);(24, 0, 0, 0, 0, 0);((24, 1), 0.0, '2021-02-15T00:00:00');((24, 1), 0.0, '2021-02-15T00:00:00');(4, 0, 0, 0, 0, 0);((24, 1), 0.0, '2021-02-15T00:00:00');(2, 0, 0, 0, 0, 0);;;
2021-02-16 00:00:00;6660;4;((24, 1), 0.0, None, None);(24, 0, 0, 0, 0, 0);((24, 1), 0.0, '2021-02-16T00:00:00');((24, 1), 0.0, '2021-02-16T00:00:00');(4, 0, 0, 0, 0, 0);((24, 1), 0.0, '2021-02-16T00:00:00');(2, 0, 0, 0, 0, 0);;;
2021-02-17 00:00:00;6660;4;((24, 1), 0.0, None, None);(24, 0, 0, 0, 0, 0);((24, 1), 0.0, '2021-02-17T00:00:00');((24, 1), 0.0, '2021-02-17T00:00:00');(4, 0, 0, 0, 0, 0);((24, 1), 0.0, '2021-02-17T00:00:00');(2, 0, 0, 0, 0, 0);;;
2021-02-18 00:00:00;6660;4;((24, 1), 0.0, None, None);(24, 0, 0, 0, 0, 0);((24, 1), 0.0, '2021-02-18T00:00:00');((24, 1), 0.0, '2021-02-18T00:00:00');(4, 0, 0, 0, 0, 0);((24, 1), 0.0, '2021-02-18T00:00:00');(2, 0, 0, 0, 0, 0);;;
2021-02-19 00:00:00;6660;4;((24, 1), 0.0, None, None);(24, 0, 0, 0, 0, 0);((24, 1), 0.0, '2021-02-19T00:00:00');((24, 1), 0.0, '2021-02-19T00:00:00');(4, 0, 0, 0, 0, 0);((24, 1), 0.0, '2021-02-19T00:00:00');(2, 0, 0, 0, 0, 0);;;
2021-02-20 00:00:00;6660;4;((24, 1), 0.0, None, None);(24, 0, 0, 0, 0, 0);((24, 1), 0.0, '2021-02-20T00:00:00');((24, 1), 0.0, '2021-02-20T00:00:00');(4, 0, 0, 0, 0, 0);((24, 1), 0.0, '2021-02-20T00:00:00');(2, 0, 0, 0, 0, 0);;;
2021-02-21 00:00:00;6660;4;((24, 1), 0.0, None, None);(24, 0, 0, 0, 0, 0);((24, 1), 0.0, '2021-02-21T00:00:00');((24, 1), 0.0, '2021-02-21T00:00:00');(4, 0, 0, 0, 0, 0);((24, 1), 0.0, '2021-02-21T00:00:00');(2, 0, 0, 0, 0, 0);;;
2021-02-22 00:00:00;6660;4;((24, 1), 0.0, None, None);(24, 0, 0, 0, 0, 0);((24, 1), 0.0, '2021-02-22T00:00:00');((24, 1), 0.0, '2021-02-22T00:00:00');(4, 0, 0, 0, 0, 0);((24, 1), 0.0, '2021-02-22T00:00:00');(2, 0, 0, 0, 0, 0);;;
2021-02-23 00:00:00;6660;4;((24, 1), 0.0, None, None);(24, 0, 0, 0, 0, 0);((24, 1), 0.0, '2021-02-23T00:00:00');((24, 1), 0.0, '2021-02-23T00:00:00');(4, 0, 0, 0, 0, 0);((24, 1), 0.0, '2021-02-23T00:00:00');(2, 0, 0, 0, 0, 0);;;
2021-02-24 00:00:00;6660;4;((24, 1), 0.0, None, None);(24, 0, 0, 0, 0, 0);((24, 1), 0.0, '2021-02-24T00:00:00');((24, 1), 0.0, '2021-02-24T00:00:00');(4, 0, 0, 0, 0, 0);((24, 1), 0.0, '2021-02-24T00:00:00');(2, 0, 0, 0, 0, 0);;;
2021-02-25 00:00:00;6660;4;((24, 1), 0.0, None, None);(24, 0, 0, 0, 0, 0);((24, 1), 0.0, '2021-02-25T00:00:00');((24, 1), 0.0, '2021-02-25T00:00:00');(4, 0, 0, 0, 0, 0);((24, 1), 0.0, '2021-02-25T00:00:00');(2, 0, 0, 0, 0, 0);;;
2021-02-26 00:00:00;6660;4;((24, 1), 0.0, None, None);(24, 0, 0, 0, 0, 0);((24, 1), 0.0, '2021-02-26T00:00:00');((24, 1), 0.0, '2021-02-26T00:00:00');(4, 0, 0, 0, 0, 0);((24, 1), 0.0, '2021-02-26T00:00:00');(2, 0, 0, 0, 0, 0);;;
2021-02-27 00:00:00;6660;4;((24, 1), 0.0, None, None);(24, 0, 0, 0, 0, 0);((24, 1), 0.0, '2021-02-27T00:00:00');((24, 1), 0.0, '2021-02-27T00:00:00');(4, 0, 0, 0, 0, 0);((24, 1), 0.0, '2021-02-27T00:00:00');(2, 0, 0, 0, 0, 0);;;
2021-02-28 00:00:00;6660;4;((24, 1), 0.0, None, None);(24, 0, 0, 0, 0, 0);((24, 1), 0.0, '2021-02-28T00:00:00');((24, 1), 0.0, '2021-02-28T00:00:00');(4, 0, 0, 0, 0, 0);((24, 1), 0.0, '2021-02-28T00:00:00');(2, 0, 0, 0, 0, 0);;;
2021-03-01 00:00:00;6660;4;((24, 1), 0.0, None, None);(24, 0, 0, 0, 0, 0);((24, 1), 0.0, '2021-03-01T00:00:00');((24, 1), 0.0, '2021-03-01T00:00:00');(4, 0, 0, 0, 0, 0);((24, 1), 0.0, '2021-03-01T00:00:00');(2, 0, 0, 0, 0, 0);;;
2021-03-02 00:00:00;6660;4;((24, 1), 0.0, None, None);(24, 0, 0, 0, 0, 0);((24, 1), 0.0, '2021-03-02T00:00:00');((24, 1), 0.0, '2021-03-02T00:00:00');(4, 0, 0, 0, 0, 0);((24, 1), 0.0, '2021-03-02T00:00:00');(2, 0, 0, 0, 0, 0);;;
2021-03-03 00:00:00;6660;4;((24, 1), 0.0, None, None);(24, 0, 0, 0, 0, 0);((24, 1), 0.0, '2021-03-03T00:00:00');((24, 1), 0.0, '2021-03-03T00:00:00');(4, 0, 0, 0, 0, 0);((24, 1), 0.0, '2021-03-03T00:00:00');(2, 0, 0, 0, 0, 0);;;
2021-03-04 00:00:00;6660;4;((24, 1), 0.0, None, None);(24, 0, 0, 0, 0, 0);((24, 1), 0.0, '2021-03-04T00:00:00');((24, 1), 0.0, '2021-03-04T00:00:00');(4, 0, 0, 0, 0, 0);((24, 1), 0.0, '2021-03-04T00:00:00');(2, 0, 0, 0, 0, 0);;;
2021-03-05 00:00:00;6660;4;((24, 1), 0.0, None, None);(24, 0, 0, 0, 0, 0);((24, 1), 0.0, '2021-03-05T00:00:00');((24, 1), 0.0, '2021-03-05T00:00:00');(4, 0, 0, 0, 0, 0);((24, 1), 0.0, '2021-03-05T00:00:00');(2, 0, 0, 0, 0, 0);;;
2021-03-06 00:00:00;6660;4;((24, 1), 1.8, None, None);(24, 0, 0, 0, 0, 0);((24, 1), 0.4, '2021-03-06T03:00:00');((24, 1), 1.0, '2021-03-06T00:00:00');(4, 0, 0, 0, 0, 0);((24, 1), 1.8, '2021-03-06T00:00:00');(1, 1, 0, 0, 0, 0);;;
2021-03-07 00:00:00;6660;4;((24, 1), 0.6, None, None);(24, 0, 0, 0, 0, 0);((24, 1), 0.4, '2021-03-07T22:00:00');((24, 1), 0.6, '2021-03-07T18:00:00');(4, 0, 0, 0, 0, 0);((24, 1), 0.6, '2021-03-07T12:00:00');(2, 0, 0, 0, 0, 0);;;
2021-03-08 00:00:00;6660;4;((24, 1), 3.4, None, None);(24, 0, 0, 0, 0, 0);((24, 1), 0.4, '2021-03-08T06:00:00');((24, 1), 2.2, '2021-03-08T18:00:00');(3, 1, 0, 0, 0, 0);((24, 1), 2.6, '2021-03-08T12:00:00');(1, 1, 0, 0, 0, 0);;;
2021-03-09 00:00:00;6660;4;((24, 1), 36.2, None, None);(9, 15, 0, 0, 0, 0);((24, 1), 4.2, '2021-03-09T18:00:00');((24, 1), 10.8, '2021-03-09T06:00:00');(0, 0, 3, 1, 0, 0);((24, 1), 20.0, '2021-03-09T00:00:00');(0, 0, 0, 2, 0, 0);;;
2021-03-10 00:00:00;6660;4;((24, 1), 0.0, None, None);(24, 0, 0, 0, 0, 0);((24, 1), 0.0, '2021-03-10T00:00:00');((24, 1), 0.0, '2021-03-10T00:00:00');(4, 0, 0, 0, 0, 0);((24, 1), 0.0, '2021-03-10T00:00:00');(2, 0, 0, 0, 0, 0);;;
2021-03-11 00:00:00;6660;4;((24, 1), 0.0, None, None);(24, 0, 0, 0, 0, 0);((24, 1), 0.0, '2021-03-11T00:00:00');((24, 1), 0.0, '2021-03-11T00:00:00');(4, 0, 0, 0, 0, 0);((24, 1), 0.0, '2021-03-11T00:00:00');(2, 0, 0, 0, 0, 0);;;
2021-03-12 00:00:00;6660;4;((24, 1), 0.0, None, None);(24, 0, 0, 0, 0, 0);((24, 1), 0.0, '2021-03-12T00:00:00');((24, 1), 0.0, '2021-03-12T00:00:00');(4, 0, 0, 0, 0, 0);((24, 1), 0.0, '2021-03-12T00:00:00');(2, 0, 0, 0, 0, 0);;;
2021-03-13 00:00:00;6660;4;((24, 1), 1.6, None, None);(24, 0, 0, 0, 0, 0);((24, 1), 0.8, '2021-03-13T01:00:00');((24, 1), 1.6, '2021-03-13T00:00:00');(3, 1, 0, 0, 0, 0);((24, 1), 1.6, '2021-03-13T00:00:00');(1, 1, 0, 0, 0, 0);;;
2021-03-14 00:00:00;6660;4;((24, 1), 0.6, None, None);(24, 0, 0, 0, 0, 0);((24, 1), 0.6, '2021-03-14T18:00:00');((24, 1), 0.6, '2021-03-14T18:00:00');(4, 0, 0, 0, 0, 0);((24, 1), 0.6, '2021-03-14T12:00:00');(2, 0, 0, 0, 0, 0);;;
2021-03-15 00:00:00;6660;4;((24, 1), 0.6, None, None);(24, 0, 0, 0, 0, 0);((24, 1), 0.4, '2021-03-15T01:00:00');((24, 1), 0.6, '2021-03-15T00:00:00');(4, 0, 0, 0, 0, 0);((24, 1), 0.6, '2021-03-15T00:00:00');(2, 0, 0, 0, 0, 0);;;
2021-03-16 00:00:00;6660;4;((24, 1), 0.2, None, None);(24, 0, 0, 0, 0, 0);((24, 1), 0.2, '2021-03-16T12:00:00');((24, 1), 0.2, '2021-03-16T12:00:00');(4, 0, 0, 0, 0, 0);((24, 1), 0.2, '2021-03-16T12:00:00');(2, 0, 0, 0, 0, 0);;;
2021-03-17 00:00:00;6660;4;((24, 1), 2.6, None, None);(22, 2, 0, 0, 0, 0);((24, 1), 1.4, '2021-03-17T14:00:00');((24, 1), 2.6, '2021-03-17T12:00:00');(3, 1, 0, 0, 0, 0);((24, 1), 2.6, '2021-03-17T12:00:00');(1, 1, 0, 0, 0, 0);;;
2021-03-18 00:00:00;6660;4;((24, 1), 2.8, None, None);(23, 1, 0, 0, 0, 0);((24, 1), 1.2, '2021-03-18T14:00:00');((24, 1), 2.8, '2021-03-18T12:00:00');(3, 1, 0, 0, 0, 0);((24, 1), 2.8, '2021-03-18T12:00:00');(1, 1, 0, 0, 0, 0);;;
2021-03-19 00:00:00;6660;4;((24, 1), 0.0, None, None);(24, 0, 0, 0, 0, 0);((24, 1), 0.0, '2021-03-19T00:00:00');((24, 1), 0.0, '2021-03-19T00:00:00');(4, 0, 0, 0, 0, 0);((24, 1), 0.0, '2021-03-19T00:00:00');(2, 0, 0, 0, 0, 0);;;
2021-03-20 00:00:00;6660;4;((24, 1), 0.6, None, None);(24, 0, 0, 0, 0, 0);((24, 1), 0.4, '2021-03-20T22:00:00');((24, 1), 0.6, '2021-03-20T18:00:00');(4, 0, 0, 0, 0, 0);((24, 1), 0.6, '2021-03-20T12:00:00');(2, 0, 0, 0, 0, 0);;;
2021-03-21 00:00:00;6660;4;((24, 1), 0.0, None, None);(24, 0, 0, 0, 0, 0);((24, 1), 0.0, '2021-03-21T00:00:00');((24, 1), 0.0, '2021-03-21T00:00:00');(4, 0, 0, 0, 0, 0);((24, 1), 0.0, '2021-03-21T00:00:00');(2, 0, 0, 0, 0, 0);;;
2021-03-22 00:00:00;6660;4;((24, 1), 0.8, None, None);(24, 0, 0, 0, 0, 0);((24, 1), 0.8, '2021-03-22T14:00:00');((24, 1), 0.8, '2021-03-22T12:00:00');(4, 0, 0, 0, 0, 0);((24, 1), 0.8, '2021-03-22T12:00:00');(2, 0, 0, 0, 0, 0);;;
2021-03-23 00:00:00;6660;4;((24, 1), 0.0, None, None);(24, 0, 0, 0, 0, 0);((24, 1), 0.0, '2021-03-23T00:00:00');((24, 1), 0.0, '2021-03-23T00:00:00');(4, 0, 0, 0, 0, 0);((24, 1), 0.0, '2021-03-23T00:00:00');(2, 0, 0, 0, 0, 0);;;
2021-03-24 00:00:00;6660;4;((24, 1), 0.0, None, None);(24, 0, 0, 0, 0, 0);((24, 1), 0.0, '2021-03-24T00:00:00');((24, 1), 0.0, '2021-03-24T00:00:00');(4, 0, 0, 0, 0, 0);((24, 1), 0.0, '2021-03-24T00:00:00');(2, 0, 0, 0, 0, 0);;;
2021-03-25 00:00:00;6660;4;((24, 1), 0.0, None, None);(24, 0, 0, 0, 0, 0);((24, 1), 0.0, '2021-03-25T00:00:00');((24, 1), 0.0, '2021-03-25T00:00:00');(4, 0, 0, 0, 0, 0);((24, 1), 0.0, '2021-03-25T00:00:00');(2, 0, 0, 0, 0, 0);;;
2021-03-26 00:00:00;6660;4;((24, 1), 0.0, None, None);(24, 0, 0, 0, 0, 0);((24, 1), 0.0, '2021-03-26T00:00:00');((24, 1), 0.0, '2021-03-26T00:00:00');(4, 0, 0, 0, 0, 0);((24, 1), 0.0, '2021-03-26T00:00:00');(2, 0, 0, 0, 0, 0);;;
2021-03-27 00:00:00;6660;4;((24, 1), 0.0, None, None);(24, 0, 0, 0, 0, 0);((24, 1), 0.0, '2021-03-27T00:00:00');((24, 1), 0.0, '2021-03-27T00:00:00');(4, 0, 0, 0, 0, 0);((24, 1), 0.0, '2021-03-27T00:00:00');(2, 0, 0, 0, 0, 0);;;
2021-03-28 00:00:00;6660;4;((24, 1), 0.0, None, None);(24, 0, 0, 0, 0, 0);((24, 1), 0.0, '2021-03-28T00:00:00');((24, 1), 0.0, '2021-03-28T00:00:00');(4, 0, 0, 0, 0, 0);((24, 1), 0.0, '2021-03-28T00:00:00');(2, 0, 0, 0, 0, 0);;;
2021-03-29 00:00:00;6660;4;((24, 1), 0.0, None, None);(24, 0, 0, 0, 0, 0);((24, 1), 0.0, '2021-03-29T00:00:00');((24, 1), 0.0, '2021-03-29T00:00:00');(4, 0, 0, 0, 0, 0);((24, 1), 0.0, '2021-03-29T00:00:00');(2, 0, 0, 0, 0, 0);;;
2021-03-30 00:00:00;6660;4;((24, 1), 0.0, None, None);(24, 0, 0, 0, 0, 0);((24, 1), 0.0, '2021-03-30T00:00:00');((24, 1), 0.0, '2021-03-30T00:00:00');(4, 0, 0, 0, 0, 0);((24, 1), 0.0, '2021-03-30T00:00:00');(2, 0, 0, 0, 0, 0);;;
2021-03-31 00:00:00;6660;4;((24, 1), 0.0, None, None);(24, 0, 0, 0, 0, 0);((24, 1), 0.0, '2021-03-31T00:00:00');((24, 1), 0.0, '2021-03-31T00:00:00');(4, 0, 0, 0, 0, 0);((24, 1), 0.0, '2021-03-31T00:00:00');(2, 0, 0, 0, 0, 0);;;
2021-04-01 00:00:00;6660;4;((24, 1), 0.0, None, None);(24, 0, 0, 0, 0, 0);((24, 1), 0.0, '2021-04-01T00:00:00');((24, 1), 0.0, '2021-04-01T00:00:00');(4, 0, 0, 0, 0, 0);((24, 1), 0.0, '2021-04-01T00:00:00');(2, 0, 0, 0, 0, 0);;;
2021-04-02 00:00:00;6660;4;((24, 1), 0.0, None, None);(24, 0, 0, 0, 0, 0);((24, 1), 0.0, '2021-04-02T00:00:00');((24, 1), 0.0, '2021-04-02T00:00:00');(4, 0, 0, 0, 0, 0);((24, 1), 0.0, '2021-04-02T00:00:00');(2, 0, 0, 0, 0, 0);;;
2021-04-03 00:00:00;6660;4;((24, 1), 6.6, None, None);(21, 3, 0, 0, 0, 0);((24, 1), 3.0, '2021-04-03T14:00:00');((24, 1), 6.6, '2021-04-03T12:00:00');(3, 0, 1, 0, 0, 0);((24, 1), 6.6, '2021-04-03T12:00:00');(1, 0, 1, 0, 0, 0);;;
2021-04-04 00:00:00;6660;4;((24, 1), 0.0, None, None);(24, 0, 0, 0, 0, 0);((24, 1), 0.0, '2021-04-04T00:00:00');((24, 1), 0.0, '2021-04-04T00:00:00');(4, 0, 0, 0, 0, 0);((24, 1), 0.0, '2021-04-04T00:00:00');(2, 0, 0, 0, 0, 0);;;
2021-04-05 00:00:00;6660;4;((24, 1), 0.0, None, None);(24, 0, 0, 0, 0, 0);((24, 1), 0.0, '2021-04-05T00:00:00');((24, 1), 0.0, '2021-04-05T00:00:00');(4, 0, 0, 0, 0, 0);((24, 1), 0.0, '2021-04-05T00:00:00');(2, 0, 0, 0, 0, 0);;;
2021-04-06 00:00:00;6660;4;((24, 1), 9.2, None, None);(21, 3, 0, 0, 0, 0);((24, 1), 3.0, '2021-04-06T16:00:00');((24, 1), 7.4, '2021-04-06T12:00:00');(2, 1, 1, 0, 0, 0);((24, 1), 9.2, '2021-04-06T12:00:00');(1, 0, 1, 0, 0, 0);;;
2021-04-07 00:00:00;6660;4;((24, 1), 0.2, None, None);(24, 0, 0, 0, 0, 0);((24, 1), 0.2, '2021-04-07T00:00:00');((24, 1), 0.2, '2021-04-07T00:00:00');(4, 0, 0, 0, 0, 0);((24, 1), 0.2, '2021-04-07T00:00:00');(2, 0, 0, 0, 0, 0);;;
2021-04-08 00:00:00;6660;4;((24, 1), 0.0, None, None);(24, 0, 0, 0, 0, 0);((24, 1), 0.0, '2021-04-08T00:00:00');((24, 1), 0.0, '2021-04-08T00:00:00');(4, 0, 0, 0, 0, 0);((24, 1), 0.0, '2021-04-08T00:00:00');(2, 0, 0, 0, 0, 0);;;
2021-04-09 00:00:00;6660;4;((24, 1), 0.0, None, None);(24, 0, 0, 0, 0, 0);((24, 1), 0.0, '2021-04-09T00:00:00');((24, 1), 0.0, '2021-04-09T00:00:00');(4, 0, 0, 0, 0, 0);((24, 1), 0.0, '2021-04-09T00:00:00');(2, 0, 0, 0, 0, 0);;;
2021-04-10 00:00:00;6660;4;((24, 1), 0.0, None, None);(24, 0, 0, 0, 0, 0);((24, 1), 0.0, '2021-04-10T00:00:00');((24, 1), 0.0, '2021-04-10T00:00:00');(4, 0, 0, 0, 0, 0);((24, 1), 0.0, '2021-04-10T00:00:00');(2, 0, 0, 0, 0, 0);;;
2021-04-11 00:00:00;6660;4;((24, 1), 0.0, None, None);(24, 0, 0, 0, 0, 0);((24, 1), 0.0, '2021-04-11T00:00:00');((24, 1), 0.0, '2021-04-11T00:00:00');(4, 0, 0, 0, 0, 0);((24, 1), 0.0, '2021-04-11T00:00:00');(2, 0, 0, 0, 0, 0);;;
2021-04-12 00:00:00;6660;4;((24, 1), 0.6, None, None);(24, 0, 0, 0, 0, 0);((24, 1), 0.4, '2021-04-12T23:00:00');((24, 1), 0.6, '2021-04-12T18:00:00');(4, 0, 0, 0, 0, 0);((24, 1), 0.6, '2021-04-12T12:00:00');(2, 0, 0, 0, 0, 0);;;
2021-04-13 00:00:00;6660;4;((24, 1), 5.2, None, None);(23, 1, 0, 0, 0, 0);((24, 1), 1.4, '2021-04-13T17:00:00');((24, 1), 2.2, '2021-04-13T12:00:00');(2, 2, 0, 0, 0, 0);((24, 1), 2.8, '2021-04-13T12:00:00');(0, 2, 0, 0, 0, 0);;;
2021-04-14 00:00:00;6660;4;((24, 1), 0.0, None, None);(24, 0, 0, 0, 0, 0);((24, 1), 0.0, '2021-04-14T00:00:00');((24, 1), 0.0, '2021-04-14T00:00:00');(4, 0, 0, 0, 0, 0);((24, 1), 0.0, '2021-04-14T00:00:00');(2, 0, 0, 0, 0, 0);;;
2021-04-15 00:00:00;6660;4;((24, 1), 0.0, None, None);(24, 0, 0, 0, 0, 0);((24, 1), 0.0, '2021-04-15T00:00:00');((24, 1), 0.0, '2021-04-15T00:00:00');(4, 0, 0, 0, 0, 0);((24, 1), 0.0, '2021-04-15T00:00:00');(2, 0, 0, 0, 0, 0);;;
2021-04-16 00:00:00;6660;4;((24, 1), 0.0, None, None);(24, 0, 0, 0, 0, 0);((24, 1), 0.0, '2021-04-16T00:00:00');((24, 1), 0.0, '2021-04-16T00:00:00');(4, 0, 0, 0, 0, 0);((24, 1), 0.0, '2021-04-16T00:00:00');(2, 0, 0, 0, 0, 0);;;
2021-04-17 00:00:00;6660;4;((24, 1), 0.0, None, None);(24, 0, 0, 0, 0, 0);((24, 1), 0.0, '2021-04-17T00:00:00');((24, 1), 0.0, '2021-04-17T00:00:00');(4, 0, 0, 0, 0, 0);((24, 1), 0.0, '2021-04-17T00:00:00');(2, 0, 0, 0, 0, 0);;;
2021-04-18 00:00:00;6660;4;((24, 1), 0.0, None, None);(24, 0, 0, 0, 0, 0);((24, 1), 0.0, '2021-04-18T00:00:00');((24, 1), 0.0, '2021-04-18T00:00:00');(4, 0, 0, 0, 0, 0);((24, 1), 0.0, '2021-04-18T00:00:00');(2, 0, 0, 0, 0, 0);;;
2021-04-19 00:00:00;6660;4;((24, 1), 0.0, None, None);(24, 0, 0, 0, 0, 0);((24, 1), 0.0, '2021-04-19T00:00:00');((24, 1), 0.0, '2021-04-19T00:00:00');(4, 0, 0, 0, 0, 0);((24, 1), 0.0, '2021-04-19T00:00:00');(2, 0, 0, 0, 0, 0);;;
2021-04-20 00:00:00;6660;4;((24, 1), 0.0, None, None);(24, 0, 0, 0, 0, 0);((24, 1), 0.0, '2021-04-20T00:00:00');((24, 1), 0.0, '2021-04-20T00:00:00');(4, 0, 0, 0, 0, 0);((24, 1), 0.0, '2021-04-20T00:00:00');(2, 0, 0, 0, 0, 0);;;
2021-04-21 00:00:00;6660;4;((24, 1), 0.0, None, None);(24, 0, 0, 0, 0, 0);((24, 1), 0.0, '2021-04-21T00:00:00');((24, 1), 0.0, '2021-04-21T00:00:00');(4, 0, 0, 0, 0, 0);((24, 1), 0.0, '2021-04-21T00:00:00');(2, 0, 0, 0, 0, 0);;;
2021-04-22 00:00:00;6660;4;((24, 1), 0.6, None, None);(24, 0, 0, 0, 0, 0);((24, 1), 0.4, '2021-04-22T08:00:00');((24, 1), 0.6, '2021-04-22T06:00:00');(4, 0, 0, 0, 0, 0);((24, 1), 0.6, '2021-04-22T00:00:00');(2, 0, 0, 0, 0, 0);;;
2021-04-23 00:00:00;6660;4;((24, 1), 3.8, None, None);(23, 1, 0, 0, 0, 0);((24, 1), 3.0, '2021-04-23T04:00:00');((24, 1), 3.6, '2021-04-23T00:00:00');(3, 1, 0, 0, 0, 0);((24, 1), 3.8, '2021-04-23T00:00:00');(1, 1, 0, 0, 0, 0);;;
2021-04-24 00:00:00;6660;4;((24, 1), 0.0, None, None);(24, 0, 0, 0, 0, 0);((24, 1), 0.0, '2021-04-24T00:00:00');((24, 1), 0.0, '2021-04-24T00:00:00');(4, 0, 0, 0, 0, 0);((24, 1), 0.0, '2021-04-24T00:00:00');(2, 0, 0, 0, 0, 0);;;
2021-04-25 00:00:00;6660;4;((24, 1), 0.0, None, None);(24, 0, 0, 0, 0, 0);((24, 1), 0.0, '2021-04-25T00:00:00');((24, 1), 0.0, '2021-04-25T00:00:00');(4, 0, 0, 0, 0, 0);((24, 1), 0.0, '2021-04-25T00:00:00');(2, 0, 0, 0, 0, 0);;;
2021-04-26 00:00:00;6660;4;((24, 1), 0.0, None, None);(24, 0, 0, 0, 0, 0);((24, 1), 0.0, '2021-04-26T00:00:00');((24, 1), 0.0, '2021-04-26T00:00:00');(4, 0, 0, 0, 0, 0);((24, 1), 0.0, '2021-04-26T00:00:00');(2, 0, 0, 0, 0, 0);;;
2021-04-27 00:00:00;6660;4;((24, 1), 1.2, None, None);(24, 0, 0, 0, 0, 0);((24, 1), 1.0, '2021-04-27T23:00:00');((24, 1), 1.2, '2021-04-27T18:00:00');(3, 1, 0, 0, 0, 0);((24, 1), 1.2, '2021-04-27T12:00:00');(1, 1, 0, 0, 0, 0);;;
2021-04-28 00:00:00;6660;4;((24, 1), 4.8, None, None);(23, 1, 0, 0, 0, 0);((24, 1), 1.8, '2021-04-28T13:00:00');((24, 1), 2.8, '2021-04-28T12:00:00');(2, 2, 0, 0, 0, 0);((24, 1), 2.8, '2021-04-28T12:00:00');(0, 2, 0, 0, 0, 0);;;
2021-04-29 00:00:00;6660;4;((24, 1), 0.0, None, None);(24, 0, 0, 0, 0, 0);((24, 1), 0.0, '2021-04-29T00:00:00');((24, 1), 0.0, '2021-04-29T00:00:00');(4, 0, 0, 0, 0, 0);((24, 1), 0.0, '2021-04-29T00:00:00');(2, 0, 0, 0, 0, 0);;;
2021-04-30 00:00:00;6660;4;((24, 1), 0.0, None, None);(24, 0, 0, 0, 0, 0);((24, 1), 0.0, '2021-04-30T00:00:00');((24, 1), 0.0, '2021-04-30T00:00:00');(4, 0, 0, 0, 0, 0);((24, 1), 0.0, '2021-04-30T00:00:00');(2, 0, 0, 0, 0, 0);;;
2021-05-01 00:00:00;6660;4;((24, 1), 0.0, None, None);(24, 0, 0, 0, 0, 0);((24, 1), 0.0, '2021-05-01T00:00:00');((24, 1), 0.0, '2021-05-01T00:00:00');(4, 0, 0, 0, 0, 0);((24, 1), 0.0, '2021-05-01T00:00:00');(2, 0, 0, 0, 0, 0);;;
2021-05-02 00:00:00;6660;4;((24, 1), 0.0, None, None);(24, 0, 0, 0, 0, 0);((24, 1), 0.0, '2021-05-02T00:00:00');((24, 1), 0.0, '2021-05-02T00:00:00');(4, 0, 0, 0, 0, 0);((24, 1), 0.0, '2021-05-02T00:00:00');(2, 0, 0, 0, 0, 0);;;
2021-05-03 00:00:00;6660;4;((24, 1), 0.0, None, None);(24, 0, 0, 0, 0, 0);((24, 1), 0.0, '2021-05-03T00:00:00');((24, 1), 0.0, '2021-05-03T00:00:00');(4, 0, 0, 0, 0, 0);((24, 1), 0.0, '2021-05-03T00:00:00');(2, 0, 0, 0, 0, 0);;;
2021-05-04 00:00:00;6660;4;((24, 1), 0.0, None, None);(24, 0, 0, 0, 0, 0);((24, 1), 0.0, '2021-05-04T00:00:00');((24, 1), 0.0, '2021-05-04T00:00:00');(4, 0, 0, 0, 0, 0);((24, 1), 0.0, '2021-05-04T00:00:00');(2, 0, 0, 0, 0, 0);;;
2021-05-05 00:00:00;6660;4;((24, 1), 0.0, None, None);(24, 0, 0, 0, 0, 0);((24, 1), 0.0, '2021-05-05T00:00:00');((24, 1), 0.0, '2021-05-05T00:00:00');(4, 0, 0, 0, 0, 0);((24, 1), 0.0, '2021-05-05T00:00:00');(2, 0, 0, 0, 0, 0);;;
2021-05-06 00:00:00;6660;4;((24, 1), 0.0, None, None);(24, 0, 0, 0, 0, 0);((24, 1), 0.0, '2021-05-06T00:00:00');((24, 1), 0.0, '2021-05-06T00:00:00');(4, 0, 0, 0, 0, 0);((24, 1), 0.0, '2021-05-06T00:00:00');(2, 0, 0, 0, 0, 0);;;
2021-05-07 00:00:00;6660;4;((24, 1), 0.0, None, None);(24, 0, 0, 0, 0, 0);((24, 1), 0.0, '2021-05-07T00:00:00');((24, 1), 0.0, '2021-05-07T00:00:00');(4, 0, 0, 0, 0, 0);((24, 1), 0.0, '2021-05-07T00:00:00');(2, 0, 0, 0, 0, 0);;;
2021-05-08 00:00:00;6660;4;((24, 1), 0.0, None, None);(24, 0, 0, 0, 0, 0);((24, 1), 0.0, '2021-05-08T00:00:00');((24, 1), 0.0, '2021-05-08T00:00:00');(4, 0, 0, 0, 0, 0);((24, 1), 0.0, '2021-05-08T00:00:00');(2, 0, 0, 0, 0, 0);;;
2021-05-09 00:00:00;6660;4;((24, 1), 0.0, None, None);(24, 0, 0, 0, 0, 0);((24, 1), 0.0, '2021-05-09T00:00:00');((24, 1), 0.0, '2021-05-09T00:00:00');(4, 0, 0, 0, 0, 0);((24, 1), 0.0, '2021-05-09T00:00:00');(2, 0, 0, 0, 0, 0);;;
2021-05-10 00:00:00;6660;4;((24, 1), 0.0, None, None);(24, 0, 0, 0, 0, 0);((24, 1), 0.0, '2021-05-10T00:00:00');((24, 1), 0.0, '2021-05-10T00:00:00');(4, 0, 0, 0, 0, 0);((24, 1), 0.0, '2021-05-10T00:00:00');(2, 0, 0, 0, 0, 0);;;
2021-05-11 00:00:00;6660;4;((24, 1), 0.0, None, None);(24, 0, 0, 0, 0, 0);((24, 1), 0.0, '2021-05-11T00:00:00');((24, 1), 0.0, '2021-05-11T00:00:00');(4, 0, 0, 0, 0, 0);((24, 1), 0.0, '2021-05-11T00:00:00');(2, 0, 0, 0, 0, 0);;;
2021-05-12 00:00:00;6660;4;((24, 1), 0.0, None, None);(24, 0, 0, 0, 0, 0);((24, 1), 0.0, '2021-05-12T00:00:00');((24, 1), 0.0, '2021-05-12T00:00:00');(4, 0, 0, 0, 0, 0);((24, 1), 0.0, '2021-05-12T00:00:00');(2, 0, 0, 0, 0, 0);;;
2021-05-13 00:00:00;6660;4;((24, 1), 0.4, None, None);(24, 0, 0, 0, 0, 0);((24, 1), 0.2, '2021-05-13T15:00:00');((24, 1), 0.4, '2021-05-13T12:00:00');(4, 0, 0, 0, 0, 0);((24, 1), 0.4, '2021-05-13T12:00:00');(2, 0, 0, 0, 0, 0);;;
2021-05-14 00:00:00;6660;4;((24, 1), 1.0, None, None);(24, 0, 0, 0, 0, 0);((24, 1), 1.0, '2021-05-14T17:00:00');((24, 1), 1.0, '2021-05-14T12:00:00');(4, 0, 0, 0, 0, 0);((24, 1), 1.0, '2021-05-14T12:00:00');(2, 0, 0, 0, 0, 0);;;
2021-05-15 00:00:00;6660;4;((24, 1), 0.2, None, None);(24, 0, 0, 0, 0, 0);((24, 1), 0.2, '2021-05-15T06:00:00');((24, 1), 0.2, '2021-05-15T06:00:00');(4, 0, 0, 0, 0, 0);((24, 1), 0.2, '2021-05-15T00:00:00');(2, 0, 0, 0, 0, 0);;;
2021-05-16 00:00:00;6660;4;((24, 1), 7.2, None, None);(22, 2, 0, 0, 0, 0);((24, 1), 2.8, '2021-05-16T14:00:00');((24, 1), 6.2, '2021-05-16T12:00:00');(3, 0, 1, 0, 0, 0);((24, 1), 6.2, '2021-05-16T12:00:00');(1, 0, 1, 0, 0, 0);;;
2021-05-17 00:00:00;6660;4;((24, 1), 0.0, None, None);(24, 0, 0, 0, 0, 0);((24, 1), 0.0, '2021-05-17T00:00:00');((24, 1), 0.0, '2021-05-17T00:00:00');(4, 0, 0, 0, 0, 0);((24, 1), 0.0, '2021-05-17T00:00:00');(2, 0, 0, 0, 0, 0);;;
2021-05-18 00:00:00;6660;4;((24, 1), 0.0, None, None);(24, 0, 0, 0, 0, 0);((24, 1), 0.0, '2021-05-18T00:00:00');((24, 1), 0.0, '2021-05-18T00:00:00');(4, 0, 0, 0, 0, 0);((24, 1), 0.0, '2021-05-18T00:00:00');(2, 0, 0, 0, 0, 0);;;
2021-05-19 00:00:00;6660;4;((24, 1), 4.0, None, None);(22, 2, 0, 0, 0, 0);((24, 1), 2.2, '2021-05-19T13:00:00');((24, 1), 3.6, '2021-05-19T12:00:00');(3, 1, 0, 0, 0, 0);((24, 1), 3.6, '2021-05-19T12:00:00');(1, 1, 0, 0, 0, 0);;;
2021-05-20 00:00:00;6660;4;((24, 1), 0.0, None, None);(24, 0, 0, 0, 0, 0);((24, 1), 0.0, '2021-05-20T00:00:00');((24, 1), 0.0, '2021-05-20T00:00:00');(4, 0, 0, 0, 0, 0);((24, 1), 0.0, '2021-05-20T00:00:00');(2, 0, 0, 0, 0, 0);;;
2021-05-21 00:00:00;6660;4;((24, 1), 0.0, None, None);(24, 0, 0, 0, 0, 0);((24, 1), 0.0, '2021-05-21T00:00:00');((24, 1), 0.0, '2021-05-21T00:00:00');(4, 0, 0, 0, 0, 0);((24, 1), 0.0, '2021-05-21T00:00:00');(2, 0, 0, 0, 0, 0);;;
2021-05-22 00:00:00;6660;4;((24, 1), 0.0, None, None);(24, 0, 0, 0, 0, 0);((24, 1), 0.0, '2021-05-22T00:00:00');((24, 1), 0.0, '2021-05-22T00:00:00');(4, 0, 0, 0, 0, 0);((24, 1), 0.0, '2021-05-22T00:00:00');(2, 0, 0, 0, 0, 0);;;
2021-05-23 00:00:00;6660;4;((24, 1), 0.0, None, None);(24, 0, 0, 0, 0, 0);((24, 1), 0.0, '2021-05-23T00:00:00');((24, 1), 0.0, '2021-05-23T00:00:00');(4, 0, 0, 0, 0, 0);((24, 1), 0.0, '2021-05-23T00:00:00');(2, 0, 0, 0, 0, 0);;;
2021-05-24 00:00:00;6660;4;((24, 1), 0.0, None, None);(24, 0, 0, 0, 0, 0);((24, 1), 0.0, '2021-05-24T00:00:00');((24, 1), 0.0, '2021-05-24T00:00:00');(4, 0, 0, 0, 0, 0);((24, 1), 0.0, '2021-05-24T00:00:00');(2, 0, 0, 0, 0, 0);;;
2021-05-25 00:00:00;6660;4;((24, 1), 0.0, None, None);(24, 0, 0, 0, 0, 0);((24, 1), 0.0, '2021-05-25T00:00:00');((24, 1), 0.0, '2021-05-25T00:00:00');(4, 0, 0, 0, 0, 0);((24, 1), 0.0, '2021-05-25T00:00:00');(2, 0, 0, 0, 0, 0);;;
2021-05-26 00:00:00;6660;4;((24, 1), 0.0, None, None);(24, 0, 0, 0, 0, 0);((24, 1), 0.0, '2021-05-26T00:00:00');((24, 1), 0.0, '2021-05-26T00:00:00');(4, 0, 0, 0, 0, 0);((24, 1), 0.0, '2021-05-26T00:00:00');(2, 0, 0, 0, 0, 0);;;
2021-05-27 00:00:00;6660;4;((24, 1), 0.0, None, None);(24, 0, 0, 0, 0, 0);((24, 1), 0.0, '2021-05-27T00:00:00');((24, 1), 0.0, '2021-05-27T00:00:00');(4, 0, 0, 0, 0, 0);((24, 1), 0.0, '2021-05-27T00:00:00');(2, 0, 0, 0, 0, 0);;;
2021-05-28 00:00:00;6660;4;((24, 1), 0.0, None, None);(24, 0, 0, 0, 0, 0);((24, 1), 0.0, '2021-05-28T00:00:00');((24, 1), 0.0, '2021-05-28T00:00:00');(4, 0, 0, 0, 0, 0);((24, 1), 0.0, '2021-05-28T00:00:00');(2, 0, 0, 0, 0, 0);;;
2021-05-29 00:00:00;6660;4;((24, 1), 2.4, None, None);(23, 1, 0, 0, 0, 0);((24, 1), 1.4, '2021-05-29T22:00:00');((24, 1), 2.4, '2021-05-29T18:00:00');(3, 1, 0, 0, 0, 0);((24, 1), 2.4, '2021-05-29T12:00:00');(1, 1, 0, 0, 0, 0);;;
2021-05-30 00:00:00;6660;4;((24, 1), 1.6, None, None);(24, 0, 0, 0, 0, 0);((24, 1), 1.0, '2021-05-30T03:00:00');((24, 1), 1.6, '2021-05-30T00:00:00');(3, 1, 0, 0, 0, 0);((24, 1), 1.6, '2021-05-30T00:00:00');(1, 1, 0, 0, 0, 0);;;
2021-05-31 00:00:00;6660;4;((24, 1), 0.0, None, None);(24, 0, 0, 0, 0, 0);((24, 1), 0.0, '2021-05-31T00:00:00');((24, 1), 0.0, '2021-05-31T00:00:00');(4, 0, 0, 0, 0, 0);((24, 1), 0.0, '2021-05-31T00:00:00');(2, 0, 0, 0, 0, 0);;;
2021-06-01 00:00:00;6660;4;((24, 1), 0.0, None, None);(24, 0, 0, 0, 0, 0);((24, 1), 0.0, '2021-06-01T00:00:00');((24, 1), 0.0, '2021-06-01T00:00:00');(4, 0, 0, 0, 0, 0);((24, 1), 0.0, '2021-06-01T00:00:00');(2, 0, 0, 0, 0, 0);;;
2021-06-02 00:00:00;6660;4;((24, 1), 0.0, None, None);(24, 0, 0, 0, 0, 0);((24, 1), 0.0, '2021-06-02T00:00:00');((24, 1), 0.0, '2021-06-02T00:00:00');(4, 0, 0, 0, 0, 0);((24, 1), 0.0, '2021-06-02T00:00:00');(2, 0, 0, 0, 0, 0);;;
2021-06-03 00:00:00;6660;4;((24, 1), 0.0, None, None);(24, 0, 0, 0, 0, 0);((24, 1), 0.0, '2021-06-03T00:00:00');((24, 1), 0.0, '2021-06-03T00:00:00');(4, 0, 0, 0, 0, 0);((24, 1), 0.0, '2021-06-03T00:00:00');(2, 0, 0, 0, 0, 0);;;
2021-06-04 00:00:00;6660;4;((24, 1), 0.0, None, None);(24, 0, 0, 0, 0, 0);((24, 1), 0.0, '2021-06-04T00:00:00');((24, 1), 0.0, '2021-06-04T00:00:00');(4, 0, 0, 0, 0, 0);((24, 1), 0.0, '2021-06-04T00:00:00');(2, 0, 0, 0, 0, 0);;;
2021-06-05 00:00:00;6660;4;((24, 1), 0.0, None, None);(24, 0, 0, 0, 0, 0);((24, 1), 0.0, '2021-06-05T00:00:00');((24, 1), 0.0, '2021-06-05T00:00:00');(4, 0, 0, 0, 0, 0);((24, 1), 0.0, '2021-06-05T00:00:00');(2, 0, 0, 0, 0, 0);;;
2021-06-06 00:00:00;6660;4;((24, 1), 15.6, None, None);(21, 2, 1, 0, 0, 0);((24, 1), 7.8, '2021-06-06T22:00:00');((24, 1), 14.6, '2021-06-06T18:00:00');(3, 0, 0, 1, 0, 0);((24, 1), 15.6, '2021-06-06T12:00:00');(1, 0, 0, 1, 0, 0);;;
2021-06-07 00:00:00;6660;4;((24, 1), 9.6, None, None);(21, 3, 0, 0, 0, 0);((24, 1), 4.0, '2021-06-07T11:00:00');((24, 1), 4.0, '2021-06-07T06:00:00');(1, 3, 0, 0, 0, 0);((24, 1), 6.0, '2021-06-07T00:00:00');(0, 1, 1, 0, 0, 0);;;
2021-06-08 00:00:00;6660;4;((24, 1), 0.0, None, None);(24, 0, 0, 0, 0, 0);((24, 1), 0.0, '2021-06-08T00:00:00');((24, 1), 0.0, '2021-06-08T00:00:00');(4, 0, 0, 0, 0, 0);((24, 1), 0.0, '2021-06-08T00:00:00');(2, 0, 0, 0, 0, 0);;;
2021-06-09 00:00:00;6660;4;((24, 1), 0.0, None, None);(24, 0, 0, 0, 0, 0);((24, 1), 0.0, '2021-06-09T00:00:00');((24, 1), 0.0, '2021-06-09T00:00:00');(4, 0, 0, 0, 0, 0);((24, 1), 0.0, '2021-06-09T00:00:00');(2, 0, 0, 0, 0, 0);;;
2021-06-10 00:00:00;6660;4;((24, 1), 0.0, None, None);(24, 0, 0, 0, 0, 0);((24, 1), 0.0, '2021-06-10T00:00:00');((24, 1), 0.0, '2021-06-10T00:00:00');(4, 0, 0, 0, 0, 0);((24, 1), 0.0, '2021-06-10T00:00:00');(2, 0, 0, 0, 0, 0);;;
2021-06-11 00:00:00;6660;4;((24, 1), 0.0, None, None);(24, 0, 0, 0, 0, 0);((24, 1), 0.0, '2021-06-11T00:00:00');((24, 1), 0.0, '2021-06-11T00:00:00');(4, 0, 0, 0, 0, 0);((24, 1), 0.0, '2021-06-11T00:00:00');(2, 0, 0, 0, 0, 0);;;
2021-06-12 00:00:00;6660;4;((24, 1), 0.0, None, None);(24, 0, 0, 0, 0, 0);((24, 1), 0.0, '2021-06-12T00:00:00');((24, 1), 0.0, '2021-06-12T00:00:00');(4, 0, 0, 0, 0, 0);((24, 1), 0.0, '2021-06-12T00:00:00');(2, 0, 0, 0, 0, 0);;;
2021-06-13 00:00:00;6660;4;((24, 1), 0.0, None, None);(24, 0, 0, 0, 0, 0);((24, 1), 0.0, '2021-06-13T00:00:00');((24, 1), 0.0, '2021-06-13T00:00:00');(4, 0, 0, 0, 0, 0);((24, 1), 0.0, '2021-06-13T00:00:00');(2, 0, 0, 0, 0, 0);;;
2021-06-14 00:00:00;6660;4;((24, 1), 0.0, None, None);(24, 0, 0, 0, 0, 0);((24, 1), 0.0, '2021-06-14T00:00:00');((24, 1), 0.0, '2021-06-14T00:00:00');(4, 0, 0, 0, 0, 0);((24, 1), 0.0, '2021-06-14T00:00:00');(2, 0, 0, 0, 0, 0);;;
2021-06-15 00:00:00;6660;4;((24, 1), 0.0, None, None);(24, 0, 0, 0, 0, 0);((24, 1), 0.0, '2021-06-15T00:00:00');((24, 1), 0.0, '2021-06-15T00:00:00');(4, 0, 0, 0, 0, 0);((24, 1), 0.0, '2021-06-15T00:00:00');(2, 0, 0, 0, 0, 0);;;
2021-06-16 00:00:00;6660;4;((24, 1), 0.0, None, None);(24, 0, 0, 0, 0, 0);((24, 1), 0.0, '2021-06-16T00:00:00');((24, 1), 0.0, '2021-06-16T00:00:00');(4, 0, 0, 0, 0, 0);((24, 1), 0.0, '2021-06-16T00:00:00');(2, 0, 0, 0, 0, 0);;;
2021-06-17 00:00:00;6660;4;((24, 1), 0.0, None, None);(24, 0, 0, 0, 0, 0);((24, 1), 0.0, '2021-06-17T00:00:00');((24, 1), 0.0, '2021-06-17T00:00:00');(4, 0, 0, 0, 0, 0);((24, 1), 0.0, '2021-06-17T00:00:00');(2, 0, 0, 0, 0, 0);;;
2021-06-18 00:00:00;6660;4;((24, 1), 5.0, None, None);(23, 1, 0, 0, 0, 0);((24, 1), 5.0, '2021-06-18T09:00:00');((24, 1), 5.0, '2021-06-18T06:00:00');(3, 1, 0, 0, 0, 0);((24, 1), 5.0, '2021-06-18T00:00:00');(1, 1, 0, 0, 0, 0);;;
2021-06-19 00:00:00;6660;4;((24, 1), 0.0, None, None);(24, 0, 0, 0, 0, 0);((24, 1), 0.0, '2021-06-19T00:00:00');((24, 1), 0.0, '2021-06-19T00:00:00');(4, 0, 0, 0, 0, 0);((24, 1), 0.0, '2021-06-19T00:00:00');(2, 0, 0, 0, 0, 0);;;
2021-06-20 00:00:00;6660;4;((24, 1), 0.0, None, None);(24, 0, 0, 0, 0, 0);((24, 1), 0.0, '2021-06-20T00:00:00');((24, 1), 0.0, '2021-06-20T00:00:00');(4, 0, 0, 0, 0, 0);((24, 1), 0.0, '2021-06-20T00:00:00');(2, 0, 0, 0, 0, 0);;;
2021-06-21 00:00:00;6660;4;((24, 1), 0.0, None, None);(24, 0, 0, 0, 0, 0);((24, 1), 0.0, '2021-06-21T00:00:00');((24, 1), 0.0, '2021-06-21T00:00:00');(4, 0, 0, 0, 0, 0);((24, 1), 0.0, '2021-06-21T00:00:00');(2, 0, 0, 0, 0, 0);;;
2021-06-22 00:00:00;6660;4;((24, 1), 0.0, None, None);(24, 0, 0, 0, 0, 0);((24, 1), 0.0, '2021-06-22T00:00:00');((24, 1), 0.0, '2021-06-22T00:00:00');(4, 0, 0, 0, 0, 0);((24, 1), 0.0, '2021-06-22T00:00:00');(2, 0, 0, 0, 0, 0);;;
2021-06-23 00:00:00;6660;4;((24, 1), 0.0, None, None);(24, 0, 0, 0, 0, 0);((24, 1), 0.0, '2021-06-23T00:00:00');((24, 1), 0.0, '2021-06-23T00:00:00');(4, 0, 0, 0, 0, 0);((24, 1), 0.0, '2021-06-23T00:00:00');(2, 0, 0, 0, 0, 0);;;
2021-06-24 00:00:00;6660;4;((24, 1), 0.0, None, None);(24, 0, 0, 0, 0, 0);((24, 1), 0.0, '2021-06-24T00:00:00');((24, 1), 0.0, '2021-06-24T00:00:00');(4, 0, 0, 0, 0, 0);((24, 1), 0.0, '2021-06-24T00:00:00');(2, 0, 0, 0, 0, 0);;;
2021-06-25 00:00:00;6660;4;((24, 1), 0.0, None, None);(24, 0, 0, 0, 0, 0);((24, 1), 0.0, '2021-06-25T00:00:00');((24, 1), 0.0, '2021-06-25T00:00:00');(4, 0, 0, 0, 0, 0);((24, 1), 0.0, '2021-06-25T00:00:00');(2, 0, 0, 0, 0, 0);;;
2021-06-26 00:00:00;6660;4;((24, 1), 0.0, None, None);(24, 0, 0, 0, 0, 0);((24, 1), 0.0, '2021-06-26T00:00:00');((24, 1), 0.0, '2021-06-26T00:00:00');(4, 0, 0, 0, 0, 0);((24, 1), 0.0, '2021-06-26T00:00:00');(2, 0, 0, 0, 0, 0);;;
2021-06-27 00:00:00;6660;4;((24, 1), 0.0, None, None);(24, 0, 0, 0, 0, 0);((24, 1), 0.0, '2021-06-27T00:00:00');((24, 1), 0.0, '2021-06-27T00:00:00');(4, 0, 0, 0, 0, 0);((24, 1), 0.0, '2021-06-27T00:00:00');(2, 0, 0, 0, 0, 0);;;
2021-06-28 00:00:00;6660;4;((24, 1), 0.0, None, None);(24, 0, 0, 0, 0, 0);((24, 1), 0.0, '2021-06-28T00:00:00');((24, 1), 0.0, '2021-06-28T00:00:00');(4, 0, 0, 0, 0, 0);((24, 1), 0.0, '2021-06-28T00:00:00');(2, 0, 0, 0, 0, 0);;;
2021-06-29 00:00:00;6660;4;((24, 1), 0.0, None, None);(24, 0, 0, 0, 0, 0);((24, 1), 0.0, '2021-06-29T00:00:00');((24, 1), 0.0, '2021-06-29T00:00:00');(4, 0, 0, 0, 0, 0);((24, 1), 0.0, '2021-06-29T00:00:00');(2, 0, 0, 0, 0, 0);;;
2021-06-30 00:00:00;6660;4;((24, 1), 0.0, None, None);(24, 0, 0, 0, 0, 0);((24, 1), 0.0, '2021-06-30T00:00:00');((24, 1), 0.0, '2021-06-30T00:00:00');(4, 0, 0, 0, 0, 0);((24, 1), 0.0, '2021-06-30T00:00:00');(2, 0, 0, 0, 0, 0);;;
2021-07-01 00:00:00;6660;4;((24, 1), 0.0, None, None);(24, 0, 0, 0, 0, 0);((24, 1), 0.0, '2021-07-01T00:00:00');((24, 1), 0.0, '2021-07-01T00:00:00');(4, 0, 0, 0, 0, 0);((24, 1), 0.0, '2021-07-01T00:00:00');(2, 0, 0, 0, 0, 0);;;
2021-07-02 00:00:00;6660;4;((24, 1), 0.0, None, None);(24, 0, 0, 0, 0, 0);((24, 1), 0.0, '2021-07-02T00:00:00');((24, 1), 0.0, '2021-07-02T00:00:00');(4, 0, 0, 0, 0, 0);((24, 1), 0.0, '2021-07-02T00:00:00');(2, 0, 0, 0, 0, 0);;;
2021-07-03 00:00:00;6660;4;((24, 1), 0.0, None, None);(24, 0, 0, 0, 0, 0);((24, 1), 0.0, '2021-07-03T00:00:00');((24, 1), 0.0, '2021-07-03T00:00:00');(4, 0, 0, 0, 0, 0);((24, 1), 0.0, '2021-07-03T00:00:00');(2, 0, 0, 0, 0, 0);;;
2021-07-04 00:00:00;6660;4;((24, 1), 0.0, None, None);(24, 0, 0, 0, 0, 0);((24, 1), 0.0, '2021-07-04T00:00:00');((24, 1), 0.0, '2021-07-04T00:00:00');(4, 0, 0, 0, 0, 0);((24, 1), 0.0, '2021-07-04T00:00:00');(2, 0, 0, 0, 0, 0);;;
2021-07-05 00:00:00;6660;4;((24, 1), 0.0, None, None);(24, 0, 0, 0, 0, 0);((24, 1), 0.0, '2021-07-05T00:00:00');((24, 1), 0.0, '2021-07-05T00:00:00');(4, 0, 0, 0, 0, 0);((24, 1), 0.0, '2021-07-05T00:00:00');(2, 0, 0, 0, 0, 0);;;
2021-07-06 00:00:00;6660;4;((24, 1), 0.0, None, None);(24, 0, 0, 0, 0, 0);((24, 1), 0.0, '2021-07-06T00:00:00');((24, 1), 0.0, '2021-07-06T00:00:00');(4, 0, 0, 0, 0, 0);((24, 1), 0.0, '2021-07-06T00:00:00');(2, 0, 0, 0, 0, 0);;;
2021-07-07 00:00:00;6660;4;((24, 1), 0.0, None, None);(24, 0, 0, 0, 0, 0);((24, 1), 0.0, '2021-07-07T00:00:00');((24, 1), 0.0, '2021-07-07T00:00:00');(4, 0, 0, 0, 0, 0);((24, 1), 0.0, '2021-07-07T00:00:00');(2, 0, 0, 0, 0, 0);;;
2021-07-08 00:00:00;6660;4;((24, 1), 0.0, None, None);(24, 0, 0, 0, 0, 0);((24, 1), 0.0, '2021-07-08T00:00:00');((24, 1), 0.0, '2021-07-08T00:00:00');(4, 0, 0, 0, 0, 0);((24, 1), 0.0, '2021-07-08T00:00:00');(2, 0, 0, 0, 0, 0);;;
2021-07-09 00:00:00;6660;4;((24, 1), 0.0, None, None);(24, 0, 0, 0, 0, 0);((24, 1), 0.0, '2021-07-09T00:00:00');((24, 1), 0.0, '2021-07-09T00:00:00');(4, 0, 0, 0, 0, 0);((24, 1), 0.0, '2021-07-09T00:00:00');(2, 0, 0, 0, 0, 0);;;
2021-07-10 00:00:00;6660;4;((24, 1), 0.0, None, None);(24, 0, 0, 0, 0, 0);((24, 1), 0.0, '2021-07-10T00:00:00');((24, 1), 0.0, '2021-07-10T00:00:00');(4, 0, 0, 0, 0, 0);((24, 1), 0.0, '2021-07-10T00:00:00');(2, 0, 0, 0, 0, 0);;;
2021-07-11 00:00:00;6660;4;((24, 1), 0.0, None, None);(24, 0, 0, 0, 0, 0);((24, 1), 0.0, '2021-07-11T00:00:00');((24, 1), 0.0, '2021-07-11T00:00:00');(4, 0, 0, 0, 0, 0);((24, 1), 0.0, '2021-07-11T00:00:00');(2, 0, 0, 0, 0, 0);;;
2021-07-12 00:00:00;6660;4;((24, 1), 0.0, None, None);(24, 0, 0, 0, 0, 0);((24, 1), 0.0, '2021-07-12T00:00:00');((24, 1), 0.0, '2021-07-12T00:00:00');(4, 0, 0, 0, 0, 0);((24, 1), 0.0, '2021-07-12T00:00:00');(2, 0, 0, 0, 0, 0);;;
2021-07-13 00:00:00;6660;4;((24, 1), 0.0, None, None);(24, 0, 0, 0, 0, 0);((24, 1), 0.0, '2021-07-13T00:00:00');((24, 1), 0.0, '2021-07-13T00:00:00');(4, 0, 0, 0, 0, 0);((24, 1), 0.0, '2021-07-13T00:00:00');(2, 0, 0, 0, 0, 0);;;
2021-07-14 00:00:00;6660;4;((24, 1), 0.0, None, None);(24, 0, 0, 0, 0, 0);((24, 1), 0.0, '2021-07-14T00:00:00');((24, 1), 0.0, '2021-07-14T00:00:00');(4, 0, 0, 0, 0, 0);((24, 1), 0.0, '2021-07-14T00:00:00');(2, 0, 0, 0, 0, 0);;;
2021-07-15 00:00:00;6660;4;((24, 1), 0.0, None, None);(24, 0, 0, 0, 0, 0);((24, 1), 0.0, '2021-07-15T00:00:00');((24, 1), 0.0, '2021-07-15T00:00:00');(4, 0, 0, 0, 0, 0);((24, 1), 0.0, '2021-07-15T00:00:00');(2, 0, 0, 0, 0, 0);;;
2021-07-16 00:00:00;6660;4;((24, 1), 15.4, None, None);(22, 1, 0, 1, 0, 0);((24, 1), 13.0, '2021-07-16T16:00:00');((24, 1), 15.4, '2021-07-16T12:00:00');(3, 0, 0, 1, 0, 0);((24, 1), 15.4, '2021-07-16T12:00:00');(1, 0, 0, 1, 0, 0);;;
2021-07-17 00:00:00;6660;4;((24, 1), 30.0, None, None);(17, 5, 2, 0, 0, 0);((24, 1), 6.2, '2021-07-17T13:00:00');((24, 1), 11.8, '2021-07-17T12:00:00');(1, 0, 1, 2, 0, 0);((24, 1), 18.0, '2021-07-17T12:00:00');(0, 0, 0, 2, 0, 0);;;
2021-07-18 00:00:00;6660;4;((24, 1), 0.4, None, None);(24, 0, 0, 0, 0, 0);((24, 1), 0.4, '2021-07-18T06:00:00');((24, 1), 0.4, '2021-07-18T06:00:00');(4, 0, 0, 0, 0, 0);((24, 1), 0.4, '2021-07-18T00:00:00');(2, 0, 0, 0, 0, 0);;;
2021-07-19 00:00:00;6660;4;((24, 1), 1.0, None, None);(24, 0, 0, 0, 0, 0);((24, 1), 0.8, '2021-07-19T02:00:00');((24, 1), 0.8, '2021-07-19T00:00:00');(4, 0, 0, 0, 0, 0);((24, 1), 0.8, '2021-07-19T00:00:00');(2, 0, 0, 0, 0, 0);;;
2021-07-20 00:00:00;6660;4;((24, 1), 0.0, None, None);(24, 0, 0, 0, 0, 0);((24, 1), 0.0, '2021-07-20T00:00:00');((24, 1), 0.0, '2021-07-20T00:00:00');(4, 0, 0, 0, 0, 0);((24, 1), 0.0, '2021-07-20T00:00:00');(2, 0, 0, 0, 0, 0);;;
2021-07-21 00:00:00;6660;4;((24, 1), 0.0, None, None);(24, 0, 0, 0, 0, 0);((24, 1), 0.0, '2021-07-21T00:00:00');((24, 1), 0.0, '2021-07-21T00:00:00');(4, 0, 0, 0, 0, 0);((24, 1), 0.0, '2021-07-21T00:00:00');(2, 0, 0, 0, 0, 0);;;
2021-07-22 00:00:00;6660;4;((24, 1), 0.0, None, None);(24, 0, 0, 0, 0, 0);((24, 1), 0.0, '2021-07-22T00:00:00');((24, 1), 0.0, '2021-07-22T00:00:00');(4, 0, 0, 0, 0, 0);((24, 1), 0.0, '2021-07-22T00:00:00');(2, 0, 0, 0, 0, 0);;;
2021-07-23 00:00:00;6660;4;((24, 1), 0.0, None, None);(24, 0, 0, 0, 0, 0);((24, 1), 0.0, '2021-07-23T00:00:00');((24, 1), 0.0, '2021-07-23T00:00:00');(4, 0, 0, 0, 0, 0);((24, 1), 0.0, '2021-07-23T00:00:00');(2, 0, 0, 0, 0, 0);;;
2021-07-24 00:00:00;6660;4;((24, 1), 0.0, None, None);(24, 0, 0, 0, 0, 0);((24, 1), 0.0, '2021-07-24T00:00:00');((24, 1), 0.0, '2021-07-24T00:00:00');(4, 0, 0, 0, 0, 0);((24, 1), 0.0, '2021-07-24T00:00:00');(2, 0, 0, 0, 0, 0);;;
2021-07-25 00:00:00;6660;4;((24, 1), 0.0, None, None);(24, 0, 0, 0, 0, 0);((24, 1), 0.0, '2021-07-25T00:00:00');((24, 1), 0.0, '2021-07-25T00:00:00');(4, 0, 0, 0, 0, 0);((24, 1), 0.0, '2021-07-25T00:00:00');(2, 0, 0, 0, 0, 0);;;
2021-07-26 00:00:00;6660;4;((24, 1), 0.0, None, None);(24, 0, 0, 0, 0, 0);((24, 1), 0.0, '2021-07-26T00:00:00');((24, 1), 0.0, '2021-07-26T00:00:00');(4, 0, 0, 0, 0, 0);((24, 1), 0.0, '2021-07-26T00:00:00');(2, 0, 0, 0, 0, 0);;;
2021-07-27 00:00:00;6660;4;((24, 1), 0.0, None, None);(24, 0, 0, 0, 0, 0);((24, 1), 0.0, '2021-07-27T00:00:00');((24, 1), 0.0, '2021-07-27T00:00:00');(4, 0, 0, 0, 0, 0);((24, 1), 0.0, '2021-07-27T00:00:00');(2, 0, 0, 0, 0, 0);;;
2021-07-28 00:00:00;6660;4;((24, 1), 0.0, None, None);(24, 0, 0, 0, 0, 0);((24, 1), 0.0, '2021-07-28T00:00:00');((24, 1), 0.0, '2021-07-28T00:00:00');(4, 0, 0, 0, 0, 0);((24, 1), 0.0, '2021-07-28T00:00:00');(2, 0, 0, 0, 0, 0);;;
2021-07-29 00:00:00;6660;4;((24, 1), 0.0, None, None);(24, 0, 0, 0, 0, 0);((24, 1), 0.0, '2021-07-29T00:00:00');((24, 1), 0.0, '2021-07-29T00:00:00');(4, 0, 0, 0, 0, 0);((24, 1), 0.0, '2021-07-29T00:00:00');(2, 0, 0, 0, 0, 0);;;
2021-07-30 00:00:00;6660;4;((24, 1), 0.0, None, None);(24, 0, 0, 0, 0, 0);((24, 1), 0.0, '2021-07-30T00:00:00');((24, 1), 0.0, '2021-07-30T00:00:00');(4, 0, 0, 0, 0, 0);((24, 1), 0.0, '2021-07-30T00:00:00');(2, 0, 0, 0, 0, 0);;;
2021-07-31 00:00:00;6660;4;((24, 1), 0.0, None, None);(24, 0, 0, 0, 0, 0);((24, 1), 0.0, '2021-07-31T00:00:00');((24, 1), 0.0, '2021-07-31T00:00:00');(4, 0, 0, 0, 0, 0);((24, 1), 0.0, '2021-07-31T00:00:00');(2, 0, 0, 0, 0, 0);;;
2021-08-01 00:00:00;6660;4;((24, 1), 0.0, None, None);(24, 0, 0, 0, 0, 0);((24, 1), 0.0, '2021-08-01T00:00:00');((24, 1), 0.0, '2021-08-01T00:00:00');(4, 0, 0, 0, 0, 0);((24, 1), 0.0, '2021-08-01T00:00:00');(2, 0, 0, 0, 0, 0);;;
2021-08-02 00:00:00;6660;4;((24, 1), 0.0, None, None);(24, 0, 0, 0, 0, 0);((24, 1), 0.0, '2021-08-02T00:00:00');((24, 1), 0.0, '2021-08-02T00:00:00');(4, 0, 0, 0, 0, 0);((24, 1), 0.0, '2021-08-02T00:00:00');(2, 0, 0, 0, 0, 0);;;
2021-08-03 00:00:00;6660;4;((24, 1), 0.0, None, None);(24, 0, 0, 0, 0, 0);((24, 1), 0.0, '2021-08-03T00:00:00');((24, 1), 0.0, '2021-08-03T00:00:00');(4, 0, 0, 0, 0, 0);((24, 1), 0.0, '2021-08-03T00:00:00');(2, 0, 0, 0, 0, 0);;;
2021-08-04 00:00:00;6660;4;((24, 1), 0.0, None, None);(24, 0, 0, 0, 0, 0);((24, 1), 0.0, '2021-08-04T00:00:00');((24, 1), 0.0, '2021-08-04T00:00:00');(4, 0, 0, 0, 0, 0);((24, 1), 0.0, '2021-08-04T00:00:00');(2, 0, 0, 0, 0, 0);;;
2021-08-05 00:00:00;6660;4;((24, 1), 0.6, None, None);(24, 0, 0, 0, 0, 0);((24, 1), 0.6, '2021-08-05T04:00:00');((24, 1), 0.6, '2021-08-05T00:00:00');(4, 0, 0, 0, 0, 0);((24, 1), 0.6, '2021-08-05T00:00:00');(2, 0, 0, 0, 0, 0);;;
2021-08-06 00:00:00;6660;4;((24, 1), 0.0, None, None);(24, 0, 0, 0, 0, 0);((24, 1), 0.0, '2021-08-06T00:00:00');((24, 1), 0.0, '2021-08-06T00:00:00');(4, 0, 0, 0, 0, 0);((24, 1), 0.0, '2021-08-06T00:00:00');(2, 0, 0, 0, 0, 0);;;
2021-08-07 00:00:00;6660;4;((24, 1), 0.0, None, None);(24, 0, 0, 0, 0, 0);((24, 1), 0.0, '2021-08-07T00:00:00');((24, 1), 0.0, '2021-08-07T00:00:00');(4, 0, 0, 0, 0, 0);((24, 1), 0.0, '2021-08-07T00:00:00');(2, 0, 0, 0, 0, 0);;;
2021-08-08 00:00:00;6660;4;((24, 1), 0.0, None, None);(24, 0, 0, 0, 0, 0);((24, 1), 0.0, '2021-08-08T00:00:00');((24, 1), 0.0, '2021-08-08T00:00:00');(4, 0, 0, 0, 0, 0);((24, 1), 0.0, '2021-08-08T00:00:00');(2, 0, 0, 0, 0, 0);;;
2021-08-09 00:00:00;6660;4;((24, 1), 0.0, None, None);(24, 0, 0, 0, 0, 0);((24, 1), 0.0, '2021-08-09T00:00:00');((24, 1), 0.0, '2021-08-09T00:00:00');(4, 0, 0, 0, 0, 0);((24, 1), 0.0, '2021-08-09T00:00:00');(2, 0, 0, 0, 0, 0);;;
2021-08-10 00:00:00;6660;4;((24, 1), 0.0, None, None);(24, 0, 0, 0, 0, 0);((24, 1), 0.0, '2021-08-10T00:00:00');((24, 1), 0.0, '2021-08-10T00:00:00');(4, 0, 0, 0, 0, 0);((24, 1), 0.0, '2021-08-10T00:00:00');(2, 0, 0, 0, 0, 0);;;
2021-08-11 00:00:00;6660;4;((24, 1), 0.0, None, None);(24, 0, 0, 0, 0, 0);((24, 1), 0.0, '2021-08-11T00:00:00');((24, 1), 0.0, '2021-08-11T00:00:00');(4, 0, 0, 0, 0, 0);((24, 1), 0.0, '2021-08-11T00:00:00');(2, 0, 0, 0, 0, 0);;;
2021-08-12 00:00:00;6660;4;((24, 1), 0.0, None, None);(24, 0, 0, 0, 0, 0);((24, 1), 0.0, '2021-08-12T00:00:00');((24, 1), 0.0, '2021-08-12T00:00:00');(4, 0, 0, 0, 0, 0);((24, 1), 0.0, '2021-08-12T00:00:00');(2, 0, 0, 0, 0, 0);;;
2021-08-13 00:00:00;6660;4;((24, 1), 0.0, None, None);(24, 0, 0, 0, 0, 0);((24, 1), 0.0, '2021-08-13T00:00:00');((24, 1), 0.0, '2021-08-13T00:00:00');(4, 0, 0, 0, 0, 0);((24, 1), 0.0, '2021-08-13T00:00:00');(2, 0, 0, 0, 0, 0);;;
2021-08-14 00:00:00;6660;4;((24, 1), 0.0, None, None);(24, 0, 0, 0, 0, 0);((24, 1), 0.0, '2021-08-14T00:00:00');((24, 1), 0.0, '2021-08-14T00:00:00');(4, 0, 0, 0, 0, 0);((24, 1), 0.0, '2021-08-14T00:00:00');(2, 0, 0, 0, 0, 0);;;
2021-08-15 00:00:00;6660;4;((24, 1), 0.0, None, None);(24, 0, 0, 0, 0, 0);((24, 1), 0.0, '2021-08-15T00:00:00');((24, 1), 0.0, '2021-08-15T00:00:00');(4, 0, 0, 0, 0, 0);((24, 1), 0.0, '2021-08-15T00:00:00');(2, 0, 0, 0, 0, 0);;;
2021-08-16 00:00:00;6660;4;((24, 1), 0.0, None, None);(24, 0, 0, 0, 0, 0);((24, 1), 0.0, '2021-08-16T00:00:00');((24, 1), 0.0, '2021-08-16T00:00:00');(4, 0, 0, 0, 0, 0);((24, 1), 0.0, '2021-08-16T00:00:00');(2, 0, 0, 0, 0, 0);;;
2021-08-17 00:00:00;6660;4;((24, 1), 0.0, None, None);(24, 0, 0, 0, 0, 0);((24, 1), 0.0, '2021-08-17T00:00:00');((24, 1), 0.0, '2021-08-17T00:00:00');(4, 0, 0, 0, 0, 0);((24, 1), 0.0, '2021-08-17T00:00:00');(2, 0, 0, 0, 0, 0);;;
2021-08-18 00:00:00;6660;4;((24, 1), 0.0, None, None);(24, 0, 0, 0, 0, 0);((24, 1), 0.0, '2021-08-18T00:00:00');((24, 1), 0.0, '2021-08-18T00:00:00');(4, 0, 0, 0, 0, 0);((24, 1), 0.0, '2021-08-18T00:00:00');(2, 0, 0, 0, 0, 0);;;
2021-08-19 00:00:00;6660;4;((24, 1), 0.0, None, None);(24, 0, 0, 0, 0, 0);((24, 1), 0.0, '2021-08-19T00:00:00');((24, 1), 0.0, '2021-08-19T00:00:00');(4, 0, 0, 0, 0, 0);((24, 1), 0.0, '2021-08-19T00:00:00');(2, 0, 0, 0, 0, 0);;;
2021-08-20 00:00:00;6660;4;((24, 1), 0.0, None, None);(24, 0, 0, 0, 0, 0);((24, 1), 0.0, '2021-08-20T00:00:00');((24, 1), 0.0, '2021-08-20T00:00:00');(4, 0, 0, 0, 0, 0);((24, 1), 0.0, '2021-08-20T00:00:00');(2, 0, 0, 0, 0, 0);;;
2021-08-21 00:00:00;6660;4;((24, 1), 0.0, None, None);(24, 0, 0, 0, 0, 0);((24, 1), 0.0, '2021-08-21T00:00:00');((24, 1), 0.0, '2021-08-21T00:00:00');(4, 0, 0, 0, 0, 0);((24, 1), 0.0, '2021-08-21T00:00:00');(2, 0, 0, 0, 0, 0);;;
2021-08-22 00:00:00;6660;4;((24, 1), 0.0, None, None);(24, 0, 0, 0, 0, 0);((24, 1), 0.0, '2021-08-22T00:00:00');((24, 1), 0.0, '2021-08-22T00:00:00');(4, 0, 0, 0, 0, 0);((24, 1), 0.0, '2021-08-22T00:00:00');(2, 0, 0, 0, 0, 0);;;
2021-08-23 00:00:00;6660;4;((24, 1), 0.0, None, None);(24, 0, 0, 0, 0, 0);((24, 1), 0.0, '2021-08-23T00:00:00');((24, 1), 0.0, '2021-08-23T00:00:00');(4, 0, 0, 0, 0, 0);((24, 1), 0.0, '2021-08-23T00:00:00');(2, 0, 0, 0, 0, 0);;;
2021-08-24 00:00:00;6660;4;((24, 1), 0.0, None, None);(24, 0, 0, 0, 0, 0);((24, 1), 0.0, '2021-08-24T00:00:00');((24, 1), 0.0, '2021-08-24T00:00:00');(4, 0, 0, 0, 0, 0);((24, 1), 0.0, '2021-08-24T00:00:00');(2, 0, 0, 0, 0, 0);;;
2021-08-25 00:00:00;6660;4;((24, 1), 10.6, None, None);(22, 1, 1, 0, 0, 0);((24, 1), 8.8, '2021-08-25T06:00:00');((24, 1), 10.6, '2021-08-25T06:00:00');(3, 0, 0, 1, 0, 0);((24, 1), 10.6, '2021-08-25T00:00:00');(1, 0, 0, 1, 0, 0);;;
2021-08-26 00:00:00;6660;4;((24, 1), 0.0, None, None);(24, 0, 0, 0, 0, 0);((24, 1), 0.0, '2021-08-26T00:00:00');((24, 1), 0.0, '2021-08-26T00:00:00');(4, 0, 0, 0, 0, 0);((24, 1), 0.0, '2021-08-26T00:00:00');(2, 0, 0, 0, 0, 0);;;
2021-08-27 00:00:00;6660;4;((24, 1), 13.0, None, None);(22, 1, 1, 0, 0, 0);((24, 1), 10.0, '2021-08-27T16:00:00');((24, 1), 13.0, '2021-08-27T12:00:00');(3, 0, 0, 1, 0, 0);((24, 1), 13.0, '2021-08-27T12:00:00');(1, 0, 0, 1, 0, 0);;;
2021-08-28 00:00:00;6660;4;((24, 1), 5.0, None, None);(22, 2, 0, 0, 0, 0);((24, 1), 2.6, '2021-08-28T13:00:00');((24, 1), 5.0, '2021-08-28T12:00:00');(3, 1, 0, 0, 0, 0);((24, 1), 5.0, '2021-08-28T12:00:00');(1, 1, 0, 0, 0, 0);;;
2021-08-29 00:00:00;6660;4;((24, 1), 0.0, None, None);(24, 0, 0, 0, 0, 0);((24, 1), 0.0, '2021-08-29T00:00:00');((24, 1), 0.0, '2021-08-29T00:00:00');(4, 0, 0, 0, 0, 0);((24, 1), 0.0, '2021-08-29T00:00:00');(2, 0, 0, 0, 0, 0);;;
2021-08-30 00:00:00;6660;4;((24, 1), 0.0, None, None);(24, 0, 0, 0, 0, 0);((24, 1), 0.0, '2021-08-30T00:00:00');((24, 1), 0.0, '2021-08-30T00:00:00');(4, 0, 0, 0, 0, 0);((24, 1), 0.0, '2021-08-30T00:00:00');(2, 0, 0, 0, 0, 0);;;
2021-08-31 00:00:00;6660;4;((24, 1), 8.8, None, None);(20, 4, 0, 0, 0, 0);((24, 1), 3.4, '2021-08-31T19:00:00');((24, 1), 8.2, '2021-08-31T18:00:00');(3, 0, 1, 0, 0, 0);((24, 1), 8.8, '2021-08-31T12:00:00');(1, 0, 1, 0, 0, 0);;;
2021-09-01 00:00:00;6660;4;((24, 1), 1.0, None, None);(24, 0, 0, 0, 0, 0);((24, 1), 0.8, '2021-09-01T16:00:00');((24, 1), 0.8, '2021-09-01T12:00:00');(4, 0, 0, 0, 0, 0);((24, 1), 0.8, '2021-09-01T12:00:00');(2, 0, 0, 0, 0, 0);;;
2021-09-02 00:00:00;6660;4;((24, 1), 0.0, None, None);(24, 0, 0, 0, 0, 0);((24, 1), 0.0, '2021-09-02T00:00:00');((24, 1), 0.0, '2021-09-02T00:00:00');(4, 0, 0, 0, 0, 0);((24, 1), 0.0, '2021-09-02T00:00:00');(2, 0, 0, 0, 0, 0);;;
2021-09-03 00:00:00;6660;4;((24, 1), 0.0, None, None);(24, 0, 0, 0, 0, 0);((24, 1), 0.0, '2021-09-03T00:00:00');((24, 1), 0.0, '2021-09-03T00:00:00');(4, 0, 0, 0, 0, 0);((24, 1), 0.0, '2021-09-03T00:00:00');(2, 0, 0, 0, 0, 0);;;
2021-09-04 00:00:00;6660;4;((24, 1), 0.0, None, None);(24, 0, 0, 0, 0, 0);((24, 1), 0.0, '2021-09-04T00:00:00');((24, 1), 0.0, '2021-09-04T00:00:00');(4, 0, 0, 0, 0, 0);((24, 1), 0.0, '2021-09-04T00:00:00');(2, 0, 0, 0, 0, 0);;;
2021-09-05 00:00:00;6660;4;((24, 1), 0.0, None, None);(24, 0, 0, 0, 0, 0);((24, 1), 0.0, '2021-09-05T00:00:00');((24, 1), 0.0, '2021-09-05T00:00:00');(4, 0, 0, 0, 0, 0);((24, 1), 0.0, '2021-09-05T00:00:00');(2, 0, 0, 0, 0, 0);;;
2021-09-06 00:00:00;6660;4;((24, 1), 0.0, None, None);(24, 0, 0, 0, 0, 0);((24, 1), 0.0, '2021-09-06T00:00:00');((24, 1), 0.0, '2021-09-06T00:00:00');(4, 0, 0, 0, 0, 0);((24, 1), 0.0, '2021-09-06T00:00:00');(2, 0, 0, 0, 0, 0);;;
2021-09-07 00:00:00;6660;4;((24, 1), 0.0, None, None);(24, 0, 0, 0, 0, 0);((24, 1), 0.0, '2021-09-07T00:00:00');((24, 1), 0.0, '2021-09-07T00:00:00');(4, 0, 0, 0, 0, 0);((24, 1), 0.0, '2021-09-07T00:00:00');(2, 0, 0, 0, 0, 0);;;
2021-09-08 00:00:00;6660;4;((24, 1), 0.0, None, None);(24, 0, 0, 0, 0, 0);((24, 1), 0.0, '2021-09-08T00:00:00');((24, 1), 0.0, '2021-09-08T00:00:00');(4, 0, 0, 0, 0, 0);((24, 1), 0.0, '2021-09-08T00:00:00');(2, 0, 0, 0, 0, 0);;;
2021-09-09 00:00:00;6660;4;((24, 1), 0.0, None, None);(24, 0, 0, 0, 0, 0);((24, 1), 0.0, '2021-09-09T00:00:00');((24, 1), 0.0, '2021-09-09T00:00:00');(4, 0, 0, 0, 0, 0);((24, 1), 0.0, '2021-09-09T00:00:00');(2, 0, 0, 0, 0, 0);;;
2021-09-10 00:00:00;6660;4;((24, 1), 0.8, None, None);(24, 0, 0, 0, 0, 0);((24, 1), 0.4, '2021-09-10T18:00:00');((24, 1), 0.8, '2021-09-10T18:00:00');(4, 0, 0, 0, 0, 0);((24, 1), 0.8, '2021-09-10T12:00:00');(2, 0, 0, 0, 0, 0);;;
2021-09-11 00:00:00;6660;4;((24, 1), 0.0, None, None);(24, 0, 0, 0, 0, 0);((24, 1), 0.0, '2021-09-11T00:00:00');((24, 1), 0.0, '2021-09-11T00:00:00');(4, 0, 0, 0, 0, 0);((24, 1), 0.0, '2021-09-11T00:00:00');(2, 0, 0, 0, 0, 0);;;
2021-09-12 00:00:00;6660;4;((24, 1), 0.0, None, None);(24, 0, 0, 0, 0, 0);((24, 1), 0.0, '2021-09-12T00:00:00');((24, 1), 0.0, '2021-09-12T00:00:00');(4, 0, 0, 0, 0, 0);((24, 1), 0.0, '2021-09-12T00:00:00');(2, 0, 0, 0, 0, 0);;;
2021-09-13 00:00:00;6660;4;((24, 1), 0.0, None, None);(24, 0, 0, 0, 0, 0);((24, 1), 0.0, '2021-09-13T00:00:00');((24, 1), 0.0, '2021-09-13T00:00:00');(4, 0, 0, 0, 0, 0);((24, 1), 0.0, '2021-09-13T00:00:00');(2, 0, 0, 0, 0, 0);;;
2021-09-14 00:00:00;6660;4;((24, 1), 0.0, None, None);(24, 0, 0, 0, 0, 0);((24, 1), 0.0, '2021-09-14T00:00:00');((24, 1), 0.0, '2021-09-14T00:00:00');(4, 0, 0, 0, 0, 0);((24, 1), 0.0, '2021-09-14T00:00:00');(2, 0, 0, 0, 0, 0);;;
2021-09-15 00:00:00;6660;4;((24, 1), 0.0, None, None);(24, 0, 0, 0, 0, 0);((24, 1), 0.0, '2021-09-15T00:00:00');((24, 1), 0.0, '2021-09-15T00:00:00');(4, 0, 0, 0, 0, 0);((24, 1), 0.0, '2021-09-15T00:00:00');(2, 0, 0, 0, 0, 0);;;
2021-09-16 00:00:00;6660;4;((24, 1), 0.0, None, None);(24, 0, 0, 0, 0, 0);((24, 1), 0.0, '2021-09-16T00:00:00');((24, 1), 0.0, '2021-09-16T00:00:00');(4, 0, 0, 0, 0, 0);((24, 1), 0.0, '2021-09-16T00:00:00');(2, 0, 0, 0, 0, 0);;;
2021-09-17 00:00:00;6660;4;((24, 1), 0.0, None, None);(24, 0, 0, 0, 0, 0);((24, 1), 0.0, '2021-09-17T00:00:00');((24, 1), 0.0, '2021-09-17T00:00:00');(4, 0, 0, 0, 0, 0);((24, 1), 0.0, '2021-09-17T00:00:00');(2, 0, 0, 0, 0, 0);;;
2021-09-18 00:00:00;6660;4;((24, 1), 0.0, None, None);(24, 0, 0, 0, 0, 0);((24, 1), 0.0, '2021-09-18T00:00:00');((24, 1), 0.0, '2021-09-18T00:00:00');(4, 0, 0, 0, 0, 0);((24, 1), 0.0, '2021-09-18T00:00:00');(2, 0, 0, 0, 0, 0);;;
2021-09-19 00:00:00;6660;4;((24, 1), 0.0, None, None);(24, 0, 0, 0, 0, 0);((24, 1), 0.0, '2021-09-19T00:00:00');((24, 1), 0.0, '2021-09-19T00:00:00');(4, 0, 0, 0, 0, 0);((24, 1), 0.0, '2021-09-19T00:00:00');(2, 0, 0, 0, 0, 0);;;
2021-09-20 00:00:00;6660;4;((24, 1), 0.0, None, None);(24, 0, 0, 0, 0, 0);((24, 1), 0.0, '2021-09-20T00:00:00');((24, 1), 0.0, '2021-09-20T00:00:00');(4, 0, 0, 0, 0, 0);((24, 1), 0.0, '2021-09-20T00:00:00');(2, 0, 0, 0, 0, 0);;;
2021-09-21 00:00:00;6660;4;((24, 1), 0.2, None, None);(24, 0, 0, 0, 0, 0);((24, 1), 0.2, '2021-09-21T14:00:00');((24, 1), 0.2, '2021-09-21T12:00:00');(4, 0, 0, 0, 0, 0);((24, 1), 0.2, '2021-09-21T12:00:00');(2, 0, 0, 0, 0, 0);;;
2021-09-22 00:00:00;6660;4;((24, 1), 0.0, None, None);(24, 0, 0, 0, 0, 0);((24, 1), 0.0, '2021-09-22T00:00:00');((24, 1), 0.0, '2021-09-22T00:00:00');(4, 0, 0, 0, 0, 0);((24, 1), 0.0, '2021-09-22T00:00:00');(2, 0, 0, 0, 0, 0);;;
2021-09-23 00:00:00;6660;4;((24, 1), 0.0, None, None);(24, 0, 0, 0, 0, 0);((24, 1), 0.0, '2021-09-23T00:00:00');((24, 1), 0.0, '2021-09-23T00:00:00');(4, 0, 0, 0, 0, 0);((24, 1), 0.0, '2021-09-23T00:00:00');(2, 0, 0, 0, 0, 0);;;
2021-09-24 00:00:00;6660;4;((24, 1), 0.0, None, None);(24, 0, 0, 0, 0, 0);((24, 1), 0.0, '2021-09-24T00:00:00');((24, 1), 0.0, '2021-09-24T00:00:00');(4, 0, 0, 0, 0, 0);((24, 1), 0.0, '2021-09-24T00:00:00');(2, 0, 0, 0, 0, 0);;;
2021-09-25 00:00:00;6660;4;((24, 1), 0.0, None, None);(24, 0, 0, 0, 0, 0);((24, 1), 0.0, '2021-09-25T00:00:00');((24, 1), 0.0, '2021-09-25T00:00:00');(4, 0, 0, 0, 0, 0);((24, 1), 0.0, '2021-09-25T00:00:00');(2, 0, 0, 0, 0, 0);;;
2021-09-26 00:00:00;6660;4;((24, 1), 0.0, None, None);(24, 0, 0, 0, 0, 0);((24, 1), 0.0, '2021-09-26T00:00:00');((24, 1), 0.0, '2021-09-26T00:00:00');(4, 0, 0, 0, 0, 0);((24, 1), 0.0, '2021-09-26T00:00:00');(2, 0, 0, 0, 0, 0);;;
2021-09-27 00:00:00;6660;4;((24, 1), 0.0, None, None);(24, 0, 0, 0, 0, 0);((24, 1), 0.0, '2021-09-27T00:00:00');((24, 1), 0.0, '2021-09-27T00:00:00');(4, 0, 0, 0, 0, 0);((24, 1), 0.0, '2021-09-27T00:00:00');(2, 0, 0, 0, 0, 0);;;
2021-09-28 00:00:00;6660;4;((24, 1), 0.0, None, None);(24, 0, 0, 0, 0, 0);((24, 1), 0.0, '2021-09-28T00:00:00');((24, 1), 0.0, '2021-09-28T00:00:00');(4, 0, 0, 0, 0, 0);((24, 1), 0.0, '2021-09-28T00:00:00');(2, 0, 0, 0, 0, 0);;;
2021-09-29 00:00:00;6660;4;((24, 1), 0.0, None, None);(24, 0, 0, 0, 0, 0);((24, 1), 0.0, '2021-09-29T00:00:00');((24, 1), 0.0, '2021-09-29T00:00:00');(4, 0, 0, 0, 0, 0);((24, 1), 0.0, '2021-09-29T00:00:00');(2, 0, 0, 0, 0, 0);;;
2021-09-30 00:00:00;6660;4;((24, 1), 0.2, None, None);(24, 0, 0, 0, 0, 0);((24, 1), 0.2, '2021-09-30T13:00:00');((24, 1), 0.2, '2021-09-30T12:00:00');(4, 0, 0, 0, 0, 0);((24, 1), 0.2, '2021-09-30T12:00:00');(2, 0, 0, 0, 0, 0);;;
2021-10-01 00:00:00;6660;4;((24, 1), 0.0, None, None);(24, 0, 0, 0, 0, 0);((24, 1), 0.0, '2021-10-01T00:00:00');((24, 1), 0.0, '2021-10-01T00:00:00');(4, 0, 0, 0, 0, 0);((24, 1), 0.0, '2021-10-01T00:00:00');(2, 0, 0, 0, 0, 0);;;
2021-10-02 00:00:00;6660;4;((24, 1), 0.0, None, None);(24, 0, 0, 0, 0, 0);((24, 1), 0.0, '2021-10-02T00:00:00');((24, 1), 0.0, '2021-10-02T00:00:00');(4, 0, 0, 0, 0, 0);((24, 1), 0.0, '2021-10-02T00:00:00');(2, 0, 0, 0, 0, 0);;;
2021-10-03 00:00:00;6660;4;((24, 1), 0.0, None, None);(24, 0, 0, 0, 0, 0);((24, 1), 0.0, '2021-10-03T00:00:00');((24, 1), 0.0, '2021-10-03T00:00:00');(4, 0, 0, 0, 0, 0);((24, 1), 0.0, '2021-10-03T00:00:00');(2, 0, 0, 0, 0, 0);;;
2021-10-04 00:00:00;6660;4;((24, 1), 0.0, None, None);(24, 0, 0, 0, 0, 0);((24, 1), 0.0, '2021-10-04T00:00:00');((24, 1), 0.0, '2021-10-04T00:00:00');(4, 0, 0, 0, 0, 0);((24, 1), 0.0, '2021-10-04T00:00:00');(2, 0, 0, 0, 0, 0);;;
2021-10-05 00:00:00;6660;4;((24, 1), 0.0, None, None);(24, 0, 0, 0, 0, 0);((24, 1), 0.0, '2021-10-05T00:00:00');((24, 1), 0.0, '2021-10-05T00:00:00');(4, 0, 0, 0, 0, 0);((24, 1), 0.0, '2021-10-05T00:00:00');(2, 0, 0, 0, 0, 0);;;
2021-10-06 00:00:00;6660;4;((24, 1), 5.6, None, None);(22, 2, 0, 0, 0, 0);((24, 1), 2.2, '2021-10-06T10:00:00');((24, 1), 4.2, '2021-10-06T06:00:00');(3, 1, 0, 0, 0, 0);((24, 1), 4.2, '2021-10-06T00:00:00');(0, 2, 0, 0, 0, 0);;;
2021-10-07 00:00:00;6660;4;((24, 1), 150.8, None, None);(10, 6, 1, 6, 1, 0);((24, 1), 31.8, '2021-10-07T10:00:00');((24, 1), 98.4, '2021-10-07T12:00:00');(1, 0, 0, 1, 1, 1);((24, 1), 117.8, '2021-10-07T12:00:00');(0, 0, 0, 0, 1, 1);;;
2021-10-08 00:00:00;6660;4;((24, 1), 20.2, None, None);(16, 8, 0, 0, 0, 0);((24, 1), 3.0, '2021-10-08T02:00:00');((24, 1), 10.2, '2021-10-08T00:00:00');(1, 1, 1, 1, 0, 0);((24, 1), 15.8, '2021-10-08T00:00:00');(0, 1, 0, 1, 0, 0);;;
2021-10-09 00:00:00;6660;4;((24, 1), 3.2, None, None);(24, 0, 0, 0, 0, 0);((24, 1), 0.8, '2021-10-09T03:00:00');((24, 1), 1.4, '2021-10-09T18:00:00');(3, 1, 0, 0, 0, 0);((24, 1), 2.4, '2021-10-09T12:00:00');(1, 1, 0, 0, 0, 0);;;
2021-10-10 00:00:00;6660;4;((24, 1), 1.4, None, None);(24, 0, 0, 0, 0, 0);((24, 1), 0.8, '2021-10-10T09:00:00');((24, 1), 1.2, '2021-10-10T06:00:00');(3, 1, 0, 0, 0, 0);((24, 1), 1.2, '2021-10-10T00:00:00');(1, 1, 0, 0, 0, 0);;;
2021-10-11 00:00:00;6660;4;((24, 1), 1.6, None, None);(24, 0, 0, 0, 0, 0);((24, 1), 0.8, '2021-10-11T02:00:00');((24, 1), 1.2, '2021-10-11T00:00:00');(3, 1, 0, 0, 0, 0);((24, 1), 1.6, '2021-10-11T00:00:00');(1, 1, 0, 0, 0, 0);;;
2021-10-12 00:00:00;6660;4;((24, 1), 0.0, None, None);(24, 0, 0, 0, 0, 0);((24, 1), 0.0, '2021-10-12T00:00:00');((24, 1), 0.0, '2021-10-12T00:00:00');(4, 0, 0, 0, 0, 0);((24, 1), 0.0, '2021-10-12T00:00:00');(2, 0, 0, 0, 0, 0);;;
2021-10-13 00:00:00;6660;4;((24, 1), 4.8, None, None);(22, 2, 0, 0, 0, 0);((24, 1), 2.4, '2021-10-13T18:00:00');((24, 1), 3.4, '2021-10-13T18:00:00');(2, 2, 0, 0, 0, 0);((24, 1), 4.8, '2021-10-13T12:00:00');(1, 1, 0, 0, 0, 0);;;
2021-10-14 00:00:00;6660;4;((24, 1), 0.6, None, None);(24, 0, 0, 0, 0, 0);((24, 1), 0.4, '2021-10-14T05:00:00');((24, 1), 0.4, '2021-10-14T00:00:00');(4, 0, 0, 0, 0, 0);((24, 1), 0.6, '2021-10-14T00:00:00');(2, 0, 0, 0, 0, 0);;;
2021-10-15 00:00:00;6660;4;((24, 1), 0.0, None, None);(24, 0, 0, 0, 0, 0);((24, 1), 0.0, '2021-10-15T00:00:00');((24, 1), 0.0, '2021-10-15T00:00:00');(4, 0, 0, 0, 0, 0);((24, 1), 0.0, '2021-10-15T00:00:00');(2, 0, 0, 0, 0, 0);;;
2021-10-16 00:00:00;6660;4;((24, 1), 0.0, None, None);(24, 0, 0, 0, 0, 0);((24, 1), 0.0, '2021-10-16T00:00:00');((24, 1), 0.0, '2021-10-16T00:00:00');(4, 0, 0, 0, 0, 0);((24, 1), 0.0, '2021-10-16T00:00:00');(2, 0, 0, 0, 0, 0);;;
2021-10-17 00:00:00;6660;4;((24, 1), 0.0, None, None);(24, 0, 0, 0, 0, 0);((24, 1), 0.0, '2021-10-17T00:00:00');((24, 1), 0.0, '2021-10-17T00:00:00');(4, 0, 0, 0, 0, 0);((24, 1), 0.0, '2021-10-17T00:00:00');(2, 0, 0, 0, 0, 0);;;
2021-10-18 00:00:00;6660;4;((24, 1), 0.0, None, None);(24, 0, 0, 0, 0, 0);((24, 1), 0.0, '2021-10-18T00:00:00');((24, 1), 0.0, '2021-10-18T00:00:00');(4, 0, 0, 0, 0, 0);((24, 1), 0.0, '2021-10-18T00:00:00');(2, 0, 0, 0, 0, 0);;;
2021-10-19 00:00:00;6660;4;((24, 1), 0.0, None, None);(24, 0, 0, 0, 0, 0);((24, 1), 0.0, '2021-10-19T00:00:00');((24, 1), 0.0, '2021-10-19T00:00:00');(4, 0, 0, 0, 0, 0);((24, 1), 0.0, '2021-10-19T00:00:00');(2, 0, 0, 0, 0, 0);;;
2021-10-20 00:00:00;6660;4;((24, 1), 0.0, None, None);(24, 0, 0, 0, 0, 0);((24, 1), 0.0, '2021-10-20T00:00:00');((24, 1), 0.0, '2021-10-20T00:00:00');(4, 0, 0, 0, 0, 0);((24, 1), 0.0, '2021-10-20T00:00:00');(2, 0, 0, 0, 0, 0);;;
2021-10-21 00:00:00;6660;4;((24, 1), 0.0, None, None);(24, 0, 0, 0, 0, 0);((24, 1), 0.0, '2021-10-21T00:00:00');((24, 1), 0.0, '2021-10-21T00:00:00');(4, 0, 0, 0, 0, 0);((24, 1), 0.0, '2021-10-21T00:00:00');(2, 0, 0, 0, 0, 0);;;
2021-10-22 00:00:00;6660;4;((24, 1), 0.0, None, None);(24, 0, 0, 0, 0, 0);((24, 1), 0.0, '2021-10-22T00:00:00');((24, 1), 0.0, '2021-10-22T00:00:00');(4, 0, 0, 0, 0, 0);((24, 1), 0.0, '2021-10-22T00:00:00');(2, 0, 0, 0, 0, 0);;;
2021-10-23 00:00:00;6660;4;((24, 1), 1.8, None, None);(23, 1, 0, 0, 0, 0);((24, 1), 1.6, '2021-10-23T09:00:00');((24, 1), 1.8, '2021-10-23T06:00:00');(3, 1, 0, 0, 0, 0);((24, 1), 1.8, '2021-10-23T00:00:00');(1, 1, 0, 0, 0, 0);;;
2021-10-24 00:00:00;6660;4;((24, 1), 0.0, None, None);(24, 0, 0, 0, 0, 0);((24, 1), 0.0, '2021-10-24T00:00:00');((24, 1), 0.0, '2021-10-24T00:00:00');(4, 0, 0, 0, 0, 0);((24, 1), 0.0, '2021-10-24T00:00:00');(2, 0, 0, 0, 0, 0);;;
2021-10-25 00:00:00;6660;4;((24, 1), 0.0, None, None);(24, 0, 0, 0, 0, 0);((24, 1), 0.0, '2021-10-25T00:00:00');((24, 1), 0.0, '2021-10-25T00:00:00');(4, 0, 0, 0, 0, 0);((24, 1), 0.0, '2021-10-25T00:00:00');(2, 0, 0, 0, 0, 0);;;
2021-10-26 00:00:00;6660;4;((24, 1), 0.0, None, None);(24, 0, 0, 0, 0, 0);((24, 1), 0.0, '2021-10-26T00:00:00');((24, 1), 0.0, '2021-10-26T00:00:00');(4, 0, 0, 0, 0, 0);((24, 1), 0.0, '2021-10-26T00:00:00');(2, 0, 0, 0, 0, 0);;;
2021-10-27 00:00:00;6660;4;((24, 1), 0.0, None, None);(24, 0, 0, 0, 0, 0);((24, 1), 0.0, '2021-10-27T00:00:00');((24, 1), 0.0, '2021-10-27T00:00:00');(4, 0, 0, 0, 0, 0);((24, 1), 0.0, '2021-10-27T00:00:00');(2, 0, 0, 0, 0, 0);;;
2021-10-28 00:00:00;6660;4;((24, 1), 0.0, None, None);(24, 0, 0, 0, 0, 0);((24, 1), 0.0, '2021-10-28T00:00:00');((24, 1), 0.0, '2021-10-28T00:00:00');(4, 0, 0, 0, 0, 0);((24, 1), 0.0, '2021-10-28T00:00:00');(2, 0, 0, 0, 0, 0);;;
2021-10-29 00:00:00;6660;4;((24, 1), 0.0, None, None);(24, 0, 0, 0, 0, 0);((24, 1), 0.0, '2021-10-29T00:00:00');((24, 1), 0.0, '2021-10-29T00:00:00');(4, 0, 0, 0, 0, 0);((24, 1), 0.0, '2021-10-29T00:00:00');(2, 0, 0, 0, 0, 0);;;
2021-10-30 00:00:00;6660;4;((24, 1), 0.0, None, None);(24, 0, 0, 0, 0, 0);((24, 1), 0.0, '2021-10-30T00:00:00');((24, 1), 0.0, '2021-10-30T00:00:00');(4, 0, 0, 0, 0, 0);((24, 1), 0.0, '2021-10-30T00:00:00');(2, 0, 0, 0, 0, 0);;;
2021-10-31 00:00:00;6660;4;((24, 1), 0.2, None, None);(24, 0, 0, 0, 0, 0);((24, 1), 0.2, '2021-10-31T22:00:00');((24, 1), 0.2, '2021-10-31T18:00:00');(4, 0, 0, 0, 0, 0);((24, 1), 0.2, '2021-10-31T12:00:00');(2, 0, 0, 0, 0, 0);;;
2021-11-01 00:00:00;6660;4;((24, 1), 0.4, None, None);(24, 0, 0, 0, 0, 0);((24, 1), 0.2, '2021-11-01T00:00:00');((24, 1), 0.2, '2021-11-01T00:00:00');(4, 0, 0, 0, 0, 0);((24, 1), 0.2, '2021-11-01T00:00:00');(2, 0, 0, 0, 0, 0);;;
2021-11-02 00:00:00;6660;4;((24, 1), 0.2, None, None);(24, 0, 0, 0, 0, 0);((24, 1), 0.2, '2021-11-02T05:00:00');((24, 1), 0.2, '2021-11-02T00:00:00');(4, 0, 0, 0, 0, 0);((24, 1), 0.2, '2021-11-02T00:00:00');(2, 0, 0, 0, 0, 0);;;
2021-11-03 00:00:00;6660;4;((24, 1), 5.8, None, None);(23, 1, 0, 0, 0, 0);((24, 1), 4.4, '2021-11-03T23:00:00');((24, 1), 5.4, '2021-11-03T18:00:00');(3, 0, 1, 0, 0, 0);((24, 1), 5.4, '2021-11-03T12:00:00');(1, 0, 1, 0, 0, 0);;;
2021-11-04 00:00:00;6660;4;((24, 1), 2.6, None, None);(23, 1, 0, 0, 0, 0);((24, 1), 2.2, '2021-11-04T00:00:00');((24, 1), 2.6, '2021-11-04T00:00:00');(3, 1, 0, 0, 0, 0);((24, 1), 2.6, '2021-11-04T00:00:00');(1, 1, 0, 0, 0, 0);;;
2021-11-05 00:00:00;6660;4;((24, 1), 2.0, None, None);(24, 0, 0, 0, 0, 0);((24, 1), 0.6, '2021-11-05T14:00:00');((24, 1), 1.0, '2021-11-05T12:00:00');(4, 0, 0, 0, 0, 0);((24, 1), 2.0, '2021-11-05T12:00:00');(1, 1, 0, 0, 0, 0);;;
2021-11-06 00:00:00;6660;4;((24, 1), 5.2, None, None);(23, 1, 0, 0, 0, 0);((24, 1), 2.4, '2021-11-06T22:00:00');((24, 1), 4.2, '2021-11-06T18:00:00');(3, 1, 0, 0, 0, 0);((24, 1), 4.2, '2021-11-06T12:00:00');(1, 1, 0, 0, 0, 0);;;
2021-11-07 00:00:00;6660;4;((24, 1), 0.8, None, None);(24, 0, 0, 0, 0, 0);((24, 1), 0.6, '2021-11-07T00:00:00');((24, 1), 0.8, '2021-11-07T00:00:00');(4, 0, 0, 0, 0, 0);((24, 1), 0.8, '2021-11-07T00:00:00');(2, 0, 0, 0, 0, 0);;;
2021-11-08 00:00:00;6660;4;((24, 1), 3.4, None, None);(23, 1, 0, 0, 0, 0);((24, 1), 1.2, '2021-11-08T15:00:00');((24, 1), 2.4, '2021-11-08T12:00:00');(3, 1, 0, 0, 0, 0);((24, 1), 3.4, '2021-11-08T12:00:00');(1, 1, 0, 0, 0, 0);;;
2021-11-09 00:00:00;6660;4;((24, 1), 6.6, None, None);(23, 1, 0, 0, 0, 0);((24, 1), 1.2, '2021-11-09T20:00:00');((24, 1), 3.6, '2021-11-09T18:00:00');(1, 3, 0, 0, 0, 0);((24, 1), 5.2, '2021-11-09T12:00:00');(0, 1, 1, 0, 0, 0);;;
2021-11-10 00:00:00;6660;4;((24, 1), 0.2, None, None);(24, 0, 0, 0, 0, 0);((24, 1), 0.2, '2021-11-10T17:00:00');((24, 1), 0.2, '2021-11-10T12:00:00');(4, 0, 0, 0, 0, 0);((24, 1), 0.2, '2021-11-10T12:00:00');(2, 0, 0, 0, 0, 0);;;
2021-11-11 00:00:00;6660;4;((24, 1), 0.0, None, None);(24, 0, 0, 0, 0, 0);((24, 1), 0.0, '2021-11-11T00:00:00');((24, 1), 0.0, '2021-11-11T00:00:00');(4, 0, 0, 0, 0, 0);((24, 1), 0.0, '2021-11-11T00:00:00');(2, 0, 0, 0, 0, 0);;;
2021-11-12 00:00:00;6660;4;((24, 1), 0.0, None, None);(24, 0, 0, 0, 0, 0);((24, 1), 0.0, '2021-11-12T00:00:00');((24, 1), 0.0, '2021-11-12T00:00:00');(4, 0, 0, 0, 0, 0);((24, 1), 0.0, '2021-11-12T00:00:00');(2, 0, 0, 0, 0, 0);;;
2021-11-13 00:00:00;6660;4;((24, 1), 0.8, None, None);(24, 0, 0, 0, 0, 0);((24, 1), 0.8, '2021-11-13T18:00:00');((24, 1), 0.8, '2021-11-13T18:00:00');(4, 0, 0, 0, 0, 0);((24, 1), 0.8, '2021-11-13T12:00:00');(2, 0, 0, 0, 0, 0);;;
2021-11-14 00:00:00;6660;4;((24, 1), 0.0, None, None);(24, 0, 0, 0, 0, 0);((24, 1), 0.0, '2021-11-14T00:00:00');((24, 1), 0.0, '2021-11-14T00:00:00');(4, 0, 0, 0, 0, 0);((24, 1), 0.0, '2021-11-14T00:00:00');(2, 0, 0, 0, 0, 0);;;
2021-11-15 00:00:00;6660;4;((24, 1), 7.6, None, None);(21, 3, 0, 0, 0, 0);((24, 1), 4.0, '2021-11-15T22:00:00');((24, 1), 7.6, '2021-11-15T18:00:00');(3, 0, 1, 0, 0, 0);((24, 1), 7.6, '2021-11-15T12:00:00');(1, 0, 1, 0, 0, 0);;;
2021-11-16 00:00:00;6660;4;((24, 1), 72.2, None, None);(7, 13, 3, 1, 0, 0);((24, 1), 11.2, '2021-11-16T14:00:00');((24, 1), 26.4, '2021-11-16T12:00:00');(1, 0, 0, 0, 3, 0);((24, 1), 45.2, '2021-11-16T00:00:00');(0, 0, 0, 0, 2, 0);;;
2021-11-17 00:00:00;6660;4;((24, 1), 0.0, None, None);(24, 0, 0, 0, 0, 0);((24, 1), 0.0, '2021-11-17T00:00:00');((24, 1), 0.0, '2021-11-17T00:00:00');(4, 0, 0, 0, 0, 0);((24, 1), 0.0, '2021-11-17T00:00:00');(2, 0, 0, 0, 0, 0);;;
2021-11-18 00:00:00;6660;4;((24, 1), 4.8, None, None);(23, 1, 0, 0, 0, 0);((24, 1), 1.2, '2021-11-18T11:00:00');((24, 1), 3.2, '2021-11-18T06:00:00');(2, 2, 0, 0, 0, 0);((24, 1), 3.2, '2021-11-18T00:00:00');(0, 2, 0, 0, 0, 0);;;
2021-11-19 00:00:00;6660;4;((24, 1), 0.0, None, None);(24, 0, 0, 0, 0, 0);((24, 1), 0.0, '2021-11-19T00:00:00');((24, 1), 0.0, '2021-11-19T00:00:00');(4, 0, 0, 0, 0, 0);((24, 1), 0.0, '2021-11-19T00:00:00');(2, 0, 0, 0, 0, 0);;;
2021-11-20 00:00:00;6660;4;((24, 1), 0.0, None, None);(24, 0, 0, 0, 0, 0);((24, 1), 0.0, '2021-11-20T00:00:00');((24, 1), 0.0, '2021-11-20T00:00:00');(4, 0, 0, 0, 0, 0);((24, 1), 0.0, '2021-11-20T00:00:00');(2, 0, 0, 0, 0, 0);;;
2021-11-21 00:00:00;6660;4;((24, 1), 0.0, None, None);(24, 0, 0, 0, 0, 0);((24, 1), 0.0, '2021-11-21T00:00:00');((24, 1), 0.0, '2021-11-21T00:00:00');(4, 0, 0, 0, 0, 0);((24, 1), 0.0, '2021-11-21T00:00:00');(2, 0, 0, 0, 0, 0);;;
2021-11-22 00:00:00;6660;4;((24, 1), 0.0, None, None);(24, 0, 0, 0, 0, 0);((24, 1), 0.0, '2021-11-22T00:00:00');((24, 1), 0.0, '2021-11-22T00:00:00');(4, 0, 0, 0, 0, 0);((24, 1), 0.0, '2021-11-22T00:00:00');(2, 0, 0, 0, 0, 0);;;
2021-11-23 00:00:00;6660;4;((24, 1), 9.8, None, None);(21, 3, 0, 0, 0, 0);((24, 1), 3.6, '2021-11-23T03:00:00');((24, 1), 7.8, '2021-11-23T00:00:00');(2, 1, 1, 0, 0, 0);((24, 1), 9.6, '2021-11-23T00:00:00');(1, 0, 1, 0, 0, 0);;;
2021-11-24 00:00:00;6660;4;((24, 1), 0.0, None, None);(24, 0, 0, 0, 0, 0);((24, 1), 0.0, '2021-11-24T00:00:00');((24, 1), 0.0, '2021-11-24T00:00:00');(4, 0, 0, 0, 0, 0);((24, 1), 0.0, '2021-11-24T00:00:00');(2, 0, 0, 0, 0, 0);;;
2021-11-25 00:00:00;6660;4;((24, 1), 1.8, None, None);(24, 0, 0, 0, 0, 0);((24, 1), 0.6, '2021-11-25T21:00:00');((24, 1), 1.8, '2021-11-25T18:00:00');(3, 1, 0, 0, 0, 0);((24, 1), 1.8, '2021-11-25T12:00:00');(1, 1, 0, 0, 0, 0);;;
2021-11-26 00:00:00;6660;4;((24, 1), 1.8, None, None);(24, 0, 0, 0, 0, 0);((24, 1), 1.0, '2021-11-26T13:00:00');((24, 1), 1.0, '2021-11-26T12:00:00');(4, 0, 0, 0, 0, 0);((24, 1), 1.0, '2021-11-26T12:00:00');(2, 0, 0, 0, 0, 0);;;
2021-11-27 00:00:00;6660;4;((24, 1), 0.0, None, None);(24, 0, 0, 0, 0, 0);((24, 1), 0.0, '2021-11-27T00:00:00');((24, 1), 0.0, '2021-11-27T00:00:00');(4, 0, 0, 0, 0, 0);((24, 1), 0.0, '2021-11-27T00:00:00');(2, 0, 0, 0, 0, 0);;;
2021-11-28 00:00:00;6660;4;((24, 1), 0.0, None, None);(24, 0, 0, 0, 0, 0);((24, 1), 0.0, '2021-11-28T00:00:00');((24, 1), 0.0, '2021-11-28T00:00:00');(4, 0, 0, 0, 0, 0);((24, 1), 0.0, '2021-11-28T00:00:00');(2, 0, 0, 0, 0, 0);;;
2021-11-29 00:00:00;6660;4;((24, 1), 1.2, None, None);(24, 0, 0, 0, 0, 0);((24, 1), 1.0, '2021-11-29T20:00:00');((24, 1), 1.2, '2021-11-29T18:00:00');(3, 1, 0, 0, 0, 0);((24, 1), 1.2, '2021-11-29T12:00:00');(1, 1, 0, 0, 0, 0);;;
2021-11-30 00:00:00;6660;4;((24, 1), 0.0, None, None);(24, 0, 0, 0, 0, 0);((24, 1), 0.0, '2021-11-30T00:00:00');((24, 1), 0.0, '2021-11-30T00:00:00');(4, 0, 0, 0, 0, 0);((24, 1), 0.0, '2021-11-30T00:00:00');(2, 0, 0, 0, 0, 0);;;
2021-12-01 00:00:00;6660;4;((24, 1), 0.0, None, None);(24, 0, 0, 0, 0, 0);((24, 1), 0.0, '2021-12-01T00:00:00');((24, 1), 0.0, '2021-12-01T00:00:00');(4, 0, 0, 0, 0, 0);((24, 1), 0.0, '2021-12-01T00:00:00');(2, 0, 0, 0, 0, 0);;;
2021-12-02 00:00:00;6660;4;((24, 1), 3.6, None, None);(23, 1, 0, 0, 0, 0);((24, 1), 1.6, '2021-12-02T15:00:00');((24, 1), 2.6, '2021-12-02T12:00:00');(3, 1, 0, 0, 0, 0);((24, 1), 3.6, '2021-12-02T12:00:00');(1, 1, 0, 0, 0, 0);;;
2021-12-03 00:00:00;6660;4;((24, 1), 1.4, None, None);(24, 0, 0, 0, 0, 0);((24, 1), 1.0, '2021-12-03T18:00:00');((24, 1), 1.2, '2021-12-03T18:00:00');(3, 1, 0, 0, 0, 0);((24, 1), 1.4, '2021-12-03T12:00:00');(1, 1, 0, 0, 0, 0);;;
2021-12-04 00:00:00;6660;4;((24, 1), 0.0, None, None);(24, 0, 0, 0, 0, 0);((24, 1), 0.0, '2021-12-04T00:00:00');((24, 1), 0.0, '2021-12-04T00:00:00');(4, 0, 0, 0, 0, 0);((24, 1), 0.0, '2021-12-04T00:00:00');(2, 0, 0, 0, 0, 0);;;
2021-12-05 00:00:00;6660;4;((24, 1), 2.8, None, None);(23, 1, 0, 0, 0, 0);((24, 1), 1.2, '2021-12-05T10:00:00');((24, 1), 1.8, '2021-12-05T06:00:00');(3, 1, 0, 0, 0, 0);((24, 1), 2.0, '2021-12-05T00:00:00');(1, 1, 0, 0, 0, 0);;;
2021-12-06 00:00:00;6660;4;((24, 1), 0.0, None, None);(24, 0, 0, 0, 0, 0);((24, 1), 0.0, '2021-12-06T00:00:00');((24, 1), 0.0, '2021-12-06T00:00:00');(4, 0, 0, 0, 0, 0);((24, 1), 0.0, '2021-12-06T00:00:00');(2, 0, 0, 0, 0, 0);;;
2021-12-07 00:00:00;6660;4;((24, 1), 0.0, None, None);(24, 0, 0, 0, 0, 0);((24, 1), 0.0, '2021-12-07T00:00:00');((24, 1), 0.0, '2021-12-07T00:00:00');(4, 0, 0, 0, 0, 0);((24, 1), 0.0, '2021-12-07T00:00:00');(2, 0, 0, 0, 0, 0);;;
2021-12-08 00:00:00;6660;4;((24, 1), 6.0, None, None);(23, 0, 1, 0, 0, 0);((24, 1), 5.6, '2021-12-08T20:00:00');((24, 1), 6.0, '2021-12-08T18:00:00');(3, 0, 1, 0, 0, 0);((24, 1), 6.0, '2021-12-08T12:00:00');(1, 0, 1, 0, 0, 0);;;
2021-12-09 00:00:00;6660;4;((24, 1), 1.8, None, None);(23, 1, 0, 0, 0, 0);((24, 1), 1.6, '2021-12-09T16:00:00');((24, 1), 1.8, '2021-12-09T12:00:00');(3, 1, 0, 0, 0, 0);((24, 1), 1.8, '2021-12-09T12:00:00');(1, 1, 0, 0, 0, 0);;;
2021-12-10 00:00:00;6660;4;((24, 1), 12.8, None, None);(21, 2, 1, 0, 0, 0);((24, 1), 5.8, '2021-12-10T23:00:00');((24, 1), 12.8, '2021-12-10T18:00:00');(3, 0, 0, 1, 0, 0);((24, 1), 12.8, '2021-12-10T12:00:00');(1, 0, 0, 1, 0, 0);;;
2021-12-11 00:00:00;6660;4;((24, 1), 22.8, None, None);(14, 10, 0, 0, 0, 0);((24, 1), 3.6, '2021-12-11T08:00:00');((24, 1), 10.8, '2021-12-11T06:00:00');(1, 1, 1, 1, 0, 0);((24, 1), 11.8, '2021-12-11T12:00:00');(0, 0, 0, 2, 0, 0);;;
2021-12-12 00:00:00;6660;4;((24, 1), 0.8, None, None);(24, 0, 0, 0, 0, 0);((24, 1), 0.6, '2021-12-12T00:00:00');((24, 1), 0.8, '2021-12-12T00:00:00');(4, 0, 0, 0, 0, 0);((24, 1), 0.8, '2021-12-12T00:00:00');(2, 0, 0, 0, 0, 0);;;
2021-12-13 00:00:00;6660;4;((24, 1), 0.0, None, None);(24, 0, 0, 0, 0, 0);((24, 1), 0.0, '2021-12-13T00:00:00');((24, 1), 0.0, '2021-12-13T00:00:00');(4, 0, 0, 0, 0, 0);((24, 1), 0.0, '2021-12-13T00:00:00');(2, 0, 0, 0, 0, 0);;;
2021-12-14 00:00:00;6660;4;((24, 1), 0.0, None, None);(24, 0, 0, 0, 0, 0);((24, 1), 0.0, '2021-12-14T00:00:00');((24, 1), 0.0, '2021-12-14T00:00:00');(4, 0, 0, 0, 0, 0);((24, 1), 0.0, '2021-12-14T00:00:00');(2, 0, 0, 0, 0, 0);;;
2021-12-15 00:00:00;6660;4;((24, 1), 0.0, None, None);(24, 0, 0, 0, 0, 0);((24, 1), 0.0, '2021-12-15T00:00:00');((24, 1), 0.0, '2021-12-15T00:00:00');(4, 0, 0, 0, 0, 0);((24, 1), 0.0, '2021-12-15T00:00:00');(2, 0, 0, 0, 0, 0);;;
2021-12-16 00:00:00;6660;4;((24, 1), 0.0, None, None);(24, 0, 0, 0, 0, 0);((24, 1), 0.0, '2021-12-16T00:00:00');((24, 1), 0.0, '2021-12-16T00:00:00');(4, 0, 0, 0, 0, 0);((24, 1), 0.0, '2021-12-16T00:00:00');(2, 0, 0, 0, 0, 0);;;
2021-12-17 00:00:00;6660;4;((24, 1), 0.0, None, None);(24, 0, 0, 0, 0, 0);((24, 1), 0.0, '2021-12-17T00:00:00');((24, 1), 0.0, '2021-12-17T00:00:00');(4, 0, 0, 0, 0, 0);((24, 1), 0.0, '2021-12-17T00:00:00');(2, 0, 0, 0, 0, 0);;;
2021-12-18 00:00:00;6660;4;((24, 1), 0.0, None, None);(24, 0, 0, 0, 0, 0);((24, 1), 0.0, '2021-12-18T00:00:00');((24, 1), 0.0, '2021-12-18T00:00:00');(4, 0, 0, 0, 0, 0);((24, 1), 0.0, '2021-12-18T00:00:00');(2, 0, 0, 0, 0, 0);;;
2021-12-19 00:00:00;6660;4;((24, 1), 0.0, None, None);(24, 0, 0, 0, 0, 0);((24, 1), 0.0, '2021-12-19T00:00:00');((24, 1), 0.0, '2021-12-19T00:00:00');(4, 0, 0, 0, 0, 0);((24, 1), 0.0, '2021-12-19T00:00:00');(2, 0, 0, 0, 0, 0);;;
2021-12-20 00:00:00;6660;4;((24, 1), 0.0, None, None);(24, 0, 0, 0, 0, 0);((24, 1), 0.0, '2021-12-20T00:00:00');((24, 1), 0.0, '2021-12-20T00:00:00');(4, 0, 0, 0, 0, 0);((24, 1), 0.0, '2021-12-20T00:00:00');(2, 0, 0, 0, 0, 0);;;
2021-12-21 00:00:00;6660;4;((24, 1), 0.6, None, None);(24, 0, 0, 0, 0, 0);((24, 1), 0.4, '2021-12-21T05:00:00');((24, 1), 0.6, '2021-12-21T00:00:00');(4, 0, 0, 0, 0, 0);((24, 1), 0.6, '2021-12-21T00:00:00');(2, 0, 0, 0, 0, 0);;;
2021-12-22 00:00:00;6660;4;((24, 1), 0.0, None, None);(24, 0, 0, 0, 0, 0);((24, 1), 0.0, '2021-12-22T00:00:00');((24, 1), 0.0, '2021-12-22T00:00:00');(4, 0, 0, 0, 0, 0);((24, 1), 0.0, '2021-12-22T00:00:00');(2, 0, 0, 0, 0, 0);;;
2021-12-23 00:00:00;6660;4;((24, 1), 0.0, None, None);(24, 0, 0, 0, 0, 0);((24, 1), 0.0, '2021-12-23T00:00:00');((24, 1), 0.0, '2021-12-23T00:00:00');(4, 0, 0, 0, 0, 0);((24, 1), 0.0, '2021-12-23T00:00:00');(2, 0, 0, 0, 0, 0);;;
2021-12-24 00:00:00;6660;4;((24, 1), 0.0, None, None);(24, 0, 0, 0, 0, 0);((24, 1), 0.0, '2021-12-24T00:00:00');((24, 1), 0.0, '2021-12-24T00:00:00');(4, 0, 0, 0, 0, 0);((24, 1), 0.0, '2021-12-24T00:00:00');(2, 0, 0, 0, 0, 0);;;
2021-12-25 00:00:00;6660;4;((24, 1), 0.0, None, None);(24, 0, 0, 0, 0, 0);((24, 1), 0.0, '2021-12-25T00:00:00');((24, 1), 0.0, '2021-12-25T00:00:00');(4, 0, 0, 0, 0, 0);((24, 1), 0.0, '2021-12-25T00:00:00');(2, 0, 0, 0, 0, 0);;;
2021-12-26 00:00:00;6660;4;((24, 1), 0.2, None, None);(24, 0, 0, 0, 0, 0);((24, 1), 0.2, '2021-12-26T22:00:00');((24, 1), 0.2, '2021-12-26T18:00:00');(4, 0, 0, 0, 0, 0);((24, 1), 0.2, '2021-12-26T12:00:00');(2, 0, 0, 0, 0, 0);;;
2021-12-27 00:00:00;6660;4;((24, 1), 0.0, None, None);(24, 0, 0, 0, 0, 0);((24, 1), 0.0, '2021-12-27T00:00:00');((24, 1), 0.0, '2021-12-27T00:00:00');(4, 0, 0, 0, 0, 0);((24, 1), 0.0, '2021-12-27T00:00:00');(2, 0, 0, 0, 0, 0);;;
2021-12-28 00:00:00;6660;4;((24, 1), 0.0, None, None);(24, 0, 0, 0, 0, 0);((24, 1), 0.0, '2021-12-28T00:00:00');((24, 1), 0.0, '2021-12-28T00:00:00');(4, 0, 0, 0, 0, 0);((24, 1), 0.0, '2021-12-28T00:00:00');(2, 0, 0, 0, 0, 0);;;
2021-12-29 00:00:00;6660;4;((24, 1), 0.0, None, None);(24, 0, 0, 0, 0, 0);((24, 1), 0.0, '2021-12-29T00:00:00');((24, 1), 0.0, '2021-12-29T00:00:00');(4, 0, 0, 0, 0, 0);((24, 1), 0.0, '2021-12-29T00:00:00');(2, 0, 0, 0, 0, 0);;;
2021-12-30 00:00:00;6660;4;((24, 1), 0.0, None, None);(24, 0, 0, 0, 0, 0);((24, 1), 0.0, '2021-12-30T00:00:00');((24, 1), 0.0, '2021-12-30T00:00:00');(4, 0, 0, 0, 0, 0);((24, 1), 0.0, '2021-12-30T00:00:00');(2, 0, 0, 0, 0, 0);;;
2021-12-31 00:00:00;6660;4;((24, 1), 0.0, None, None);(24, 0, 0, 0, 0, 0);((24, 1), 0.0, '2021-12-31T00:00:00');((24, 1), 0.0, '2021-12-31T00:00:00');(4, 0, 0, 0, 0, 0);((24, 1), 0.0, '2021-12-31T00:00:00');(2, 0, 0, 0, 0, 0);;;
2022-01-01 00:00:00;6660;4;((1, 0), 0.0, None, None);(1, 0, 0, 0, 0, 0);((1, 0), 0.0, '2022-01-01T00:00:00');((1, 0), 0.0, '2022-01-01T00:00:00');(1, 0, 0, 0, 0, 0);((1, 0), 0.0, '2022-01-01T00:00:00');(1, 0, 0, 0, 0, 0);;;
